days_cancel,id,toxicity,severe_toxicity,insult,profanity,group
-184,1.370601537616846e+18,0.3010394822792711,0.20079642613439638,0.2493452547432802,0.24468172226218673,misinfo
-182,1.3710577098149816e+18,0.29954489288232156,0.19576082946656664,0.25550788797775714,0.24386833899339402,misinfo
-179,1.371513882013117e+18,0.29805030348537204,0.19072523279873693,0.2493452547432802,0.2430549557246013,misinfo
-177,1.3719639665502188e+18,0.28944736082524236,0.1855686353561209,0.24353973229856934,0.2342013854422042,misinfo
-174,1.3724140510873203e+18,0.2808444181651127,0.18041203791350485,0.2377342098538585,0.22534781515980712,misinfo
-172,1.3728792779731953e+18,0.27756656685907455,0.17870976128468757,0.23177537336721263,0.2251872745777781,misinfo
-169,1.373785061089263e+18,0.27013920651164974,0.17509241100571285,0.22441266505079926,0.22042892062069191,misinfo
-167,1.3746887694291763e+18,0.27013920651164974,0.17509241100571285,0.22441266505079926,0.22042892062069191,misinfo
-164,1.3755939287562422e+18,0.2734170578176879,0.17679468763453016,0.23000315237464636,0.22058946120272094,misinfo
-162,1.3764986810934825e+18,0.2651536501309993,0.17306652708852144,0.22089603902649096,0.21828509507157776,misinfo
-159,1.3774031833774316e+18,0.2651536501309993,0.17306652708852144,0.22089603902649096,0.21828509507157776,misinfo
-157,1.3783121637211187e+18,0.2732198549885345,0.17724080622097776,0.2285767748227824,0.22440507117209368,misinfo
-154,1.3792210680098831e+18,0.28111873843634744,0.18156849044120454,0.23557113397639695,0.23020029464517366,misinfo
-152,1.380120654610877e+18,0.28111873843634744,0.18156849044120454,0.23557113397639695,0.23020029464517366,misinfo
-149,1.3810265107160663e+18,0.28111873843634744,0.18156849044120454,0.2367254112876546,0.23020029464517366,misinfo
-147,1.381936688000749e+18,0.2862422993143114,0.1866823898399115,0.2405369819248587,0.2336595117863489,misinfo
-144,1.3828471136720264e+18,0.29056631421523454,0.1918401061787029,0.24201185107743534,0.23818529024832255,misinfo
-142,1.3837567205837548e+18,0.29056631421523454,0.1918401061787029,0.24201185107743534,0.23818529024832255,misinfo
-139,1.3846558540811827e+18,0.29056631421523454,0.1918401061787029,0.24201185107743534,0.23818529024832255,misinfo
-137,1.385556287681889e+18,0.2817837221028211,0.1857312042332665,0.23148502066652948,0.23425624347392038,misinfo
-134,1.3864629564350254e+18,0.2720636139301127,0.17887040866881104,0.2244752579404632,0.23050820718653942,misinfo
-132,1.3873694734414676e+18,0.267785566716777,0.17481085604163604,0.21961296044921813,0.2236274194920586,misinfo
-129,1.3882779911805138e+18,0.26335289539707407,0.1693206171288803,0.21540119958583337,0.2194559789053464,misinfo
-127,1.389185428151869e+18,0.267785566716777,0.17481085604163604,0.21961296044921813,0.2236274194920586,misinfo
-124,1.3901028573820344e+18,0.267785566716777,0.17481085604163604,0.2228860747555636,0.22331813120130123,misinfo
-122,1.391007293146241e+18,0.27370322128410574,0.17930507867516524,0.22786690408710492,0.22718413286349776,misinfo
-119,1.3918989986496591e+18,0.27056651290301037,0.17568938737212048,0.22300460659585986,0.22331813120130123,misinfo
-117,1.3927960297918523e+18,0.2617648309005501,0.1691324628748901,0.21829695466696136,0.2191147670049028,misinfo
-114,1.3936980945602929e+18,0.2795584133568627,0.18389501915802758,0.232515445855235,0.2310685927484512,misinfo
-112,1.3946130457663834e+18,0.26573214372544035,0.1726225508289031,0.22005450546505473,0.22167738164544726,misinfo
-109,1.3955228256445765e+18,0.26473504484121413,0.17093236988985175,0.21873426773720317,0.22242200840228463,misinfo
-107,1.3964274301490273e+18,0.26473504484121413,0.17065088107969195,0.21873426773720317,0.2212439698117708,misinfo
-104,1.3973326356518164e+18,0.2747075727504178,0.17652175931738717,0.22878461074471898,0.22718605949590126,misinfo
-102,1.3982412189315773e+18,0.27877891752116757,0.18220483821897623,0.2346348584004044,0.2304986834189161,misinfo
-99,1.399151924854591e+18,0.2812385190771059,0.1823820334362431,0.23789955406150165,0.2304986834189161,misinfo
-97,1.400061415687485e+18,0.28476098424668084,0.18613183050730273,0.2395503142092065,0.2341824005849973,misinfo
-94,1.4009668544976594e+18,0.2943592309433658,0.19090645379438112,0.2463806153198691,0.2393546977005474,misinfo
-92,1.401869834377641e+18,0.2995261509140705,0.195735565063141,0.24873388405420466,0.24497642231732428,misinfo
-89,1.402771648603285e+18,0.2995261509140705,0.195735565063141,0.24873388405420466,0.24497642231732428,misinfo
-87,1.403676721508098e+18,0.28992790421738546,0.18914971045678608,0.24190358294354203,0.2393546977005474,misinfo
-84,1.4045877921522793e+18,0.28116045971904957,0.18437508716970769,0.23324536063933343,0.23340944824377152,misinfo
-82,1.4054953729933379e+18,0.28874651860963196,0.1889731450345204,0.23962316226972583,0.2390311728605484,misinfo
-79,1.406397347108729e+18,0.27725949702594965,0.1808177735829759,0.22979762090491052,0.22748017834334344,misinfo
-77,1.4072994713175311e+18,0.27646562556570853,0.17847612320839246,0.22979762090491052,0.22748017834334344,misinfo
-74,1.4082076469110518e+18,0.27734808940421696,0.17847612320839246,0.23301198533602163,0.2281053708983382,misinfo
-72,1.409112783016273e+18,0.2758871900166408,0.17673640909629407,0.23477468231097115,0.22449818517271608,misinfo
-69,1.4100177212760294e+18,0.2758871900166408,0.1756102691696117,0.23477468231097115,0.22372036082620828,misinfo
-67,1.4109246290624456e+18,0.2728515362680652,0.17471650289915047,0.23247394754241402,0.22372036082620828,misinfo
-64,1.41183218747465e+18,0.2758871900166408,0.1756102691696117,0.23412398854851765,0.22750766719974172,misinfo
-62,1.412746221592773e+18,0.27478357130391007,0.1756102691696117,0.2324458356685298,0.22750766719974172,misinfo
-59,1.4136531007985326e+18,0.27478357130391007,0.17594106713609933,0.2324458356685298,0.23086317318130942,misinfo
-57,1.4145548574939425e+18,0.2717938359676094,0.17572163479241198,0.23079579466242617,0.23086317318130942,misinfo
-54,1.4154594027686234e+18,0.2715573942155039,0.17572163479241198,0.2278701140528983,0.23086317318130942,misinfo
-52,1.416365110285226e+18,0.27638741887481244,0.17895518734564325,0.2324458356685298,0.23086317318130942,misinfo
-49,1.4172686603206236e+18,0.27819952578335005,0.18182786220740116,0.23612882325889573,0.23274629514136586,misinfo
-47,1.4181721380975867e+18,0.27951289878607605,0.18255692400311124,0.23734344291211312,0.23147359441891144,misinfo
-44,1.419078714787142e+18,0.27951289878607605,0.18250624293315829,0.23457245394857165,0.23147359441891144,misinfo
-42,1.4199850544409416e+18,0.27951289878607605,0.18250624293315829,0.23457245394857165,0.23147359441891144,misinfo
-39,1.4208910311018455e+18,0.27951289878607605,0.18250624293315829,0.23457245394857165,0.23147359441891144,misinfo
-37,1.4217948067503084e+18,0.27951289878607605,0.18250624293315829,0.23457245394857165,0.23147359441891144,misinfo
-34,1.4226996472561577e+18,0.2755961756454007,0.17639021403187954,0.23289101380792582,0.22801563484674187,misinfo
-32,1.423607396627373e+18,0.27617384370116005,0.17678521807712622,0.23230830083907966,0.22881868084158366,misinfo
-29,1.4245179877671165e+18,0.27617384370116005,0.17678521807712622,0.23230830083907966,0.22881868084158366,misinfo
-27,1.425425434533887e+18,0.2781908072661419,0.17993143094970768,0.23336497206337348,0.23125738500603174,misinfo
-24,1.4263244126775734e+18,0.28726649077327276,0.18645932018761302,0.2423556446942708,0.23409384542881173,misinfo
-22,1.427229079416857e+18,0.28519412912367437,0.18520956147761947,0.24183456007438714,0.2320110830829532,misinfo
-19,1.4281412956758141e+18,0.28519412912367437,0.18520956147761947,0.24183456007438714,0.2320110830829532,misinfo
-17,1.4290478578597678e+18,0.28519412912367437,0.18520956147761947,0.24183456007438714,0.2320110830829532,misinfo
-14,1.4299525696693576e+18,0.272932361617371,0.17531406446271913,0.22945681169623694,0.22697516273488785,misinfo
-12,1.4308574570442368e+18,0.2678877133667624,0.16958957586160628,0.22606588054573754,0.22184661452804386,misinfo
-9,1.4317652794330112e+18,0.2678877133667624,0.16958957586160628,0.22606588054573754,0.22184661452804386,misinfo
-7,1.432672760678121e+18,0.2678877133667624,0.16958957586160628,0.22606588054573754,0.22184661452804386,misinfo
-4,1.4335765839154652e+18,0.2678877133667624,0.16958957586160628,0.22606588054573754,0.22184661452804386,misinfo
-2,1.4344863920914678e+18,0.2770780571382818,0.17804209894547163,0.23134718879533572,0.23080462007453373,misinfo
1,1.4353904769890112e+18,0.2943650403922431,0.1929504734106397,0.24555905834507874,0.24364858860024924,misinfo
3,1.4362957649112617e+18,0.3037438171813661,0.19934679795943938,0.2590108303959394,0.24791329408446056,misinfo
6,1.437196658424605e+18,0.31044722702276895,0.19934679795943938,0.26819854039221747,0.2526298160065915,misinfo
8,1.4380965881129155e+18,0.3249206457430321,0.20220047694238502,0.2836355194840484,0.26066393736396853,misinfo
11,1.4390098892610468e+18,0.34247763927168834,0.2116735225657524,0.29860888557841236,0.2737195736607216,misinfo
13,1.4399202622010225e+18,0.34247763927168834,0.2116735225657524,0.29860888557841236,0.2737195736607216,misinfo
16,1.4408243700781158e+18,0.3275261328606278,0.20822848863598675,0.2836355194840484,0.2693363768558101,misinfo
18,1.4417252098118303e+18,0.31937063821896583,0.19961490053283804,0.27424281099825654,0.26066393736396853,misinfo
21,1.442636199500742e+18,0.3148784415722258,0.19961490053283804,0.27043971332032085,0.2585067981157912,misinfo
23,1.4435433314580183e+18,0.3030289907614583,0.19325643908718987,0.2634223410813896,0.2498264553059169,misinfo
26,1.4444448557799524e+18,0.29343287683324326,0.18773703342954723,0.25242385723104366,0.2410173188135567,misinfo
28,1.4453495167370404e+18,0.29343287683324326,0.18773703342954723,0.25242385723104366,0.2410173188135567,misinfo
31,1.4462557705097605e+18,0.29343287683324326,0.18773703342954723,0.25242385723104366,0.2410173188135567,misinfo
33,1.447185507402836e+18,0.2992068991016881,0.19370908622571442,0.2555954315679586,0.2483485141167644,misinfo
36,1.448088656935402e+18,0.2992068991016881,0.19370908622571442,0.2555954315679586,0.2483485141167644,misinfo
38,1.448974615097934e+18,0.28860510233839964,0.1873133162698049,0.24172311126260718,0.23774251712578437,misinfo
41,1.449885884180881e+18,0.2919286102058225,0.1873133162698049,0.245026834583562,0.2378654124717234,misinfo
43,1.4507939289741445e+18,0.2812060683760873,0.17933641973531111,0.23862358516821125,0.22984676562864415,misinfo
46,1.4516978859327887e+18,0.2812060683760873,0.17933641973531111,0.23862358516821125,0.22984676562864415,misinfo
48,1.452602980658898e+18,0.2812060683760873,0.17933641973531111,0.23862358516821125,0.22984676562864415,misinfo
51,1.4535103161866163e+18,0.28275933796164776,0.17919035588613824,0.23957238371770107,0.22984676562864415,misinfo
53,1.4544159023785277e+18,0.2850718066795722,0.1803677268802314,0.2429953078229723,0.23566619980541825,misinfo
56,1.4553222196357455e+18,0.2841104987179245,0.1803677268802314,0.2429953078229723,0.23566619980541825,misinfo
58,1.456227242306373e+18,0.2841389770586985,0.18171319958620802,0.2429953078229723,0.23663915826877766,misinfo
61,1.457130352169193e+18,0.2841389770586985,0.18171319958620802,0.2429953078229723,0.23662554836235986,misinfo
63,1.4580357269006003e+18,0.2841389770586985,0.18171319958620802,0.2429953078229723,0.23662554836235986,misinfo
66,1.45894287592876e+18,0.2882859388291951,0.18617004000536003,0.24839385546423645,0.2381426700067896,misinfo
68,1.459851220422256e+18,0.2869724325775779,0.18617004000536003,0.24471727594307502,0.23662554836235986,misinfo
71,1.460754342924576e+18,0.2869724325775779,0.18617004000536003,0.24471727594307502,0.23662554836235986,misinfo
73,1.4616572336957368e+18,0.2869724325775779,0.18398380245129503,0.24354910163528765,0.23336142322673573,misinfo
76,1.4625674839358326e+18,0.28674165431664744,0.18398380245129503,0.23523168615886922,0.23552099669191873,misinfo
78,1.463470693676503e+18,0.2806204348826253,0.1772408635835876,0.2323332422918694,0.22626591402069202,misinfo
81,1.4643736402382444e+18,0.2665813582812607,0.17071437600814865,0.22437796294721793,0.22151644521195824,misinfo
83,1.4652826668863642e+18,0.26537591288833445,0.16972707059390754,0.2242057165855011,0.22151644521195824,misinfo
86,1.466190890460541e+18,0.26537591288833445,0.16972707059390754,0.2242057165855011,0.22151644521195824,misinfo
88,1.4671004121321958e+18,0.2762394694397099,0.17573831005751606,0.23015149061317852,0.22613457789151065,misinfo
91,1.4679987479782246e+18,0.2762394694397099,0.17573831005751606,0.23015149061317852,0.22613457789151065,misinfo
93,1.4689012784523407e+18,0.2787304230403242,0.17979640714633857,0.2319213766379819,0.23517219988262733,misinfo
96,1.4698144865380982e+18,0.2787304230403242,0.17979640714633857,0.2319213766379819,0.23517219988262733,misinfo
98,1.4707209207947372e+18,0.2774595903436531,0.1791766545291545,0.23170410100820246,0.2298059760882954,misinfo
101,1.4716276922851512e+18,0.2774595903436531,0.1791766545291545,0.23170410100820246,0.2298059760882954,misinfo
103,1.472535763897648e+18,0.27441635612791127,0.17666493348362014,0.22976128712690375,0.2247861831613699,misinfo
106,1.4734421816369958e+18,0.27441635612791127,0.17666493348362014,0.22976128712690375,0.2247861831613699,misinfo
108,1.4743484136759634e+18,0.26590643622345544,0.16967859507812688,0.2236847083402371,0.21594768298722022,misinfo
111,1.4752476968826993e+18,0.26783043369792536,0.17283202915284024,0.22390130247523798,0.22305845845770522,misinfo
113,1.476151574927807e+18,0.27774588695362956,0.18176870620294724,0.2305600203382694,0.2318969586318549,misinfo
116,1.4770641320317604e+18,0.27855470641666547,0.18176870620294724,0.2319821895573171,0.23206672501266912,misinfo
118,1.4779761723592215e+18,0.27855470641666547,0.18124800473869768,0.2319821895573171,0.2319899838278573,misinfo
121,1.4788815679153188e+18,0.273034497954741,0.17386927189851847,0.230128327202894,0.22565835186017758,misinfo
123,1.4797804793329075e+18,0.28039578500218787,0.18159135853792452,0.23825053481267536,0.2319899838278573,misinfo
126,1.4806818186737718e+18,0.273034497954741,0.17479571898158383,0.230128327202894,0.2258281182409918,misinfo
128,1.4815898156493773e+18,0.273034497954741,0.17479571898158383,0.230128327202894,0.22738025168997103,misinfo
131,1.4824984250173532e+18,0.2753684080582396,0.17403552656481475,0.22880217006188874,0.2236312845493546,misinfo
133,1.4834046805507748e+18,0.2753848046405769,0.17432863026844053,0.22767304374409525,0.2258720793648009,misinfo
-183,1.385540158244334e+18,0.2534748119565217,0.17451305834782607,0.1897038843913044,0.18845174673913045,discrim
-182,1.2980730860412488e+18,0.2666673452196556,0.18055147155299317,0.1989865969938719,0.22053568170903098,discrim
-181,1.2315813957319286e+18,0.27985987848278954,0.1865898847581603,0.20826930959643936,0.2526196166789315,discrim
-180,1.2405153933840297e+18,0.2811214831470273,0.18954836070913272,0.21033451073391518,0.2523351042210912,discrim
-179,1.2315813957319286e+18,0.28238308781126503,0.19250683666010518,0.21201046369967524,0.2526196166789315,discrim
-178,1.2352932240636367e+18,0.28331185129014697,0.19335680916594117,0.2105305614269805,0.25498053409799604,discrim
-177,1.239005052395345e+18,0.28238308781126503,0.19250683666010518,0.20905065915428578,0.2526196166789315,discrim
-176,1.2413702441183695e+18,0.2811214831470273,0.18954836070913272,0.20865998437536257,0.2523351042210912,discrim
-175,1.239005052395345e+18,0.27985987848278954,0.1865898847581603,0.20826930959643936,0.2520505917632508,discrim
-174,1.2413702441183695e+18,0.2716556925246245,0.18535858995279147,0.20513387447553927,0.24723178328678,discrim
-173,1.239005052395345e+18,0.27985987848278954,0.1865898847581603,0.20826930959643936,0.2520505917632508,discrim
-172,1.2413702441183695e+18,0.2716556925246245,0.18535858995279147,0.20513387447553927,0.24723178328678,discrim
-171,1.2437354358413942e+18,0.2639193574025175,0.18412729514742265,0.2059891273056864,0.2424129748103092,discrim
-170,1.2465924134387625e+18,0.26368543198448846,0.1826573352710721,0.2039937833301628,0.24212734851888007,discrim
-169,1.2465924134387625e+18,0.26617789624601995,0.1826573352710721,0.2039937833301628,0.24212734851888007,discrim
-168,1.251822013528628e+18,0.2643531624385935,0.18025493308517068,0.2017365096016998,0.24044370287622552,discrim
-167,1.2591117492225864e+18,0.26368543198448846,0.17921431567927396,0.19699310563742362,0.23851947085233283,discrim
-166,1.2679197047620188e+18,0.26368543198448846,0.17921431567927396,0.19699310563742362,0.23851947085233283,discrim
-165,1.2679197047620188e+18,0.26368543198448846,0.17921431567927396,0.19699310563742362,0.23851947085233283,discrim
-164,1.2679197047620188e+18,0.26368543198448846,0.17921431567927396,0.19699310563742362,0.23851947085233283,discrim
-163,1.2679197047620188e+18,0.2643531624385935,0.17921431567927396,0.19699310563742362,0.23851947085233283,discrim
-162,1.2767336200907617e+18,0.2643531624385935,0.17921431567927396,0.19699310563742362,0.23797559583781058,discrim
-161,1.278573994164699e+18,0.266611701282096,0.17983461651642266,0.20330128416101312,0.23726386019205203,discrim
-160,1.2736509211739274e+18,0.26970734257221796,0.18076705882597355,0.20555855788947613,0.24044370287622552,discrim
-159,1.278573994164699e+18,0.26970734257221796,0.18076705882597355,0.20555855788947613,0.24044370287622552,discrim
-158,1.2776000283850796e+18,0.26970734257221796,0.18076705882597355,0.20555855788947613,0.24473272471693386,discrim
-157,1.2776000283850796e+18,0.27373559781172074,0.1837823377567854,0.20576719459703896,0.24813111171995958,discrim
-156,1.2736509211739274e+18,0.27373559781172074,0.1837823377567854,0.20576719459703896,0.24813111171995958,discrim
-155,1.2639398636917673e+18,0.27882474418556275,0.19011582328894436,0.20780867499330605,0.2506732075177512,discrim
-154,1.2639398636917673e+18,0.28258650646779876,0.193430546070512,0.20962542516225063,0.2527945361421574,discrim
-153,1.2639398636917673e+18,0.28432626105363834,0.1942400549937883,0.2111835687519476,0.2563692874589962,discrim
-152,1.2657802377657047e+18,0.28258650646779876,0.193430546070512,0.20962542516225063,0.2527945361421574,discrim
-151,1.2657802377657047e+18,0.2802547078507641,0.19011582328894436,0.20841758418988163,0.2506732075177512,discrim
-150,1.2710339523571156e+18,0.27476174758570143,0.18678803945856282,0.20701530991738765,0.24813111171995958,discrim
-149,1.2713740831339553e+18,0.2720043998288941,0.18335244395900296,0.20654709744084954,0.24476127477897835,discrim
-148,1.2669167402432064e+18,0.27476174758570143,0.18678803945856282,0.20715600663742512,0.24813111171995958,discrim
-147,1.2632320816821612e+18,0.2802547078507641,0.18990953104229757,0.20841758418988163,0.2506732075177512,discrim
-146,1.2669167402432064e+18,0.27476174758570143,0.18678803945856282,0.20715600663742512,0.24813111171995958,discrim
-145,1.2632320816821612e+18,0.27476174758570143,0.18678803945856282,0.20654709744084954,0.24787798741879433,discrim
-144,1.2576090605861414e+18,0.276897657169638,0.1876838183425118,0.20715600663742512,0.24838537193233715,discrim
-143,1.2576090605861414e+18,0.28150284296297257,0.1901699217195405,0.2099757277795786,0.24963719314863947,discrim
-142,1.2570097720903124e+18,0.2864484960514441,0.19239563441932628,0.21391765640655314,0.2519924847635195,discrim
-141,1.2570097720903124e+18,0.2864484960514441,0.19239563441932628,0.21672088853888255,0.2519924847635195,discrim
-140,1.2540319359901071e+18,0.2864484960514441,0.19239563441932628,0.21672088853888255,0.2519924847635195,discrim
-139,1.2518860267756175e+18,0.2864484960514441,0.19239563441932628,0.21672088853888255,0.2519924847635195,discrim
-138,1.2494131062286287e+18,0.28772746246252007,0.19448121579408015,0.22190477617120158,0.2538366906176203,discrim
-137,1.2465191168116408e+18,0.2946727362363205,0.1976253263959628,0.22658531281345037,0.2610459123448282,discrim
-136,1.243855806336551e+18,0.30146433567480446,0.19944454611548545,0.2292203019699129,0.2658788532261193,discrim
-135,1.2403970570171712e+18,0.30269318157217023,0.20227389788548342,0.2311557279571127,0.267498309116573,discrim
-134,1.2348987345963484e+18,0.30269318157217023,0.20227389788548342,0.2311557279571127,0.267498309116573,discrim
-133,1.2342846754192049e+18,0.30269318157217023,0.20227389788548342,0.2311557279571127,0.267498309116573,discrim
-132,1.2342846754192049e+18,0.30269318157217023,0.20227389788548342,0.2311557279571127,0.267498309116573,discrim
-131,1.2342846754192049e+18,0.30269318157217023,0.20227389788548342,0.2311557279571127,0.267498309116573,discrim
-130,1.2342846754192049e+18,0.30269318157217023,0.20227389788548342,0.2311557279571127,0.267498309116573,discrim
-129,1.2342846754192049e+18,0.3052826952448759,0.20227389788548342,0.2311557279571127,0.26799521859967135,discrim
-128,1.2342846754192049e+18,0.30231306839265776,0.19944454611548545,0.2295909583660033,0.2663757627092177,discrim
-127,1.237909909958529e+18,0.2961465960144822,0.19825195040673188,0.22766543039044074,0.26209300584163475,discrim
-126,1.237909909958529e+18,0.28818779689357865,0.19430378783192637,0.22541702488197496,0.2571755204259324,discrim
-125,1.237909909958529e+18,0.2844692584169545,0.19080090639706246,0.21929215289564252,0.25374735803626214,discrim
-124,1.2416859536572943e+18,0.2828219035767976,0.18934710412035866,0.21459141738054346,0.25076435678214704,discrim
-123,1.2488812510166318e+18,0.28160144525622616,0.18806329502501656,0.21336925380239882,0.2482842184807567,discrim
-122,1.2575618869643817e+18,0.27926786395203235,0.18687450039704914,0.2124573334193603,0.24626781069319154,discrim
-121,1.2634845266062705e+18,0.27331340547126654,0.17888767350529677,0.21049567114678053,0.23895969721653568,discrim
-120,1.2806805488463908e+18,0.271509817208246,0.17480000081820402,0.20918542470898852,0.23669938986434355,discrim
-119,1.2982264620465347e+18,0.2627635558968396,0.16991447686541267,0.20663555182398746,0.2294501769605279,discrim
-118,1.2982264620465347e+18,0.2653469046410268,0.17164697803256257,0.20918542470898852,0.23184750238415847,discrim
-117,1.3036683484155602e+18,0.2653469046410268,0.17164697803256257,0.20918542470898852,0.23184750238415847,discrim
-116,1.3152066866035694e+18,0.25868840156011674,0.16706075638043125,0.20663555182398746,0.22459655882939827,discrim
-115,1.3152066866035694e+18,0.2538204222703706,0.16163312022570203,0.20243643459752786,0.21859422656091493,discrim
-114,1.3152066866035694e+18,0.2538204222703706,0.16163312022570203,0.20243643459752786,0.21859422656091493,discrim
-113,1.3152066866035694e+18,0.2538204222703706,0.16163312022570203,0.20243643459752786,0.21859422656091493,discrim
-112,1.3152066866035694e+18,0.2538204222703706,0.16163312022570203,0.20243643459752786,0.21859422656091493,discrim
-111,1.3036683484155602e+18,0.25868840156011674,0.16706075638043125,0.20663555182398746,0.22459655882939827,discrim
-110,1.2982264620465347e+18,0.2653469046410268,0.17164697803256257,0.20918542470898852,0.23184750238415847,discrim
-109,1.2948308760119188e+18,0.271509817208246,0.17480000081820402,0.21041759221039813,0.23669938986434355,discrim
-108,1.2948308760119188e+18,0.271509817208246,0.17480000081820402,0.21041759221039813,0.23669938986434355,discrim
-107,1.291790688687788e+18,0.27441615291111043,0.181018960773786,0.21307316660631048,0.24160921180104455,discrim
-106,1.2860479622078136e+18,0.26997567343371187,0.18083403602985246,0.21307316660631048,0.2410912248346051,discrim
-105,1.2799942399773809e+18,0.2742073452950181,0.1845533953701583,0.21441749368658586,0.24617682974550287,discrim
-104,1.2753299378373888e+18,0.27788663931006485,0.18639771572995006,0.21657271189830202,0.2497509952566079,discrim
-103,1.2720764798833362e+18,0.28142170019426815,0.18942941765204013,0.2187321362022629,0.2520234146606818,discrim
-102,1.2720764798833362e+18,0.28299041280068715,0.18984397548815146,0.2202012347769347,0.2533611139599866,discrim
-101,1.2720764798833362e+18,0.28299041280068715,0.18984397548815146,0.2202012347769347,0.2533611139599866,discrim
-100,1.2749733727039137e+18,0.28142170019426815,0.18860863440439052,0.2187321362022629,0.2515624254058626,discrim
-99,1.2766675955573356e+18,0.2794018533426626,0.18860863440439052,0.2187321362022629,0.2497509952566079,discrim
-98,1.2757151241723955e+18,0.2768564954743371,0.1868122735660614,0.21657271189830202,0.24886416876838846,discrim
-97,1.2743774664524488e+18,0.2794018533426626,0.18984397548815146,0.2196099024817108,0.2515624254058626,discrim
-96,1.2743774664524488e+18,0.2768564954743371,0.1868122735660614,0.21598558569532278,0.24886416876838846,discrim
-95,1.2743774664524488e+18,0.2768564954743371,0.1868122735660614,0.21598558569532278,0.24886416876838846,discrim
-94,1.2743774664524488e+18,0.2794018533426626,0.18980649015592044,0.2196099024817108,0.2515624254058626,discrim
-93,1.2757151241723955e+18,0.28097056594908165,0.18980649015592044,0.22137326490522513,0.2515624254058626,discrim
-92,1.2757151241723955e+18,0.28441485303888747,0.19098227256363937,0.22173605641682614,0.25357907055993556,discrim
-91,1.2757151241723955e+18,0.28580608645992556,0.19162044017758106,0.22173605641682614,0.25461157309596255,discrim
-90,1.2757151241723955e+18,0.2884376626702201,0.19348127235481888,0.22173605641682614,0.2569643180487394,discrim
-89,1.2757151241723955e+18,0.2878382967900136,0.19348127235481888,0.22137326490522513,0.2569643180487394,discrim
-88,1.2732294343616673e+18,0.2871859429583738,0.19348127235481888,0.22099439802237153,0.2569643180487394,discrim
-87,1.2672048914470979e+18,0.2888029915549004,0.19447971526844804,0.22099439802237153,0.2576271774554241,discrim
-86,1.2590035016266962e+18,0.2888029915549004,0.19447971526844804,0.22099439802237153,0.2576271774554241,discrim
-85,1.2532331802032701e+18,0.28981751916866827,0.1966214883928106,0.22099439802237153,0.26029552570243614,discrim
-84,1.25145419009027e+18,0.2920310382878716,0.19822875454990208,0.22099439802237153,0.2621806599376131,discrim
-83,1.249742697769123e+18,0.28981751916866827,0.1966214883928106,0.2202239110185619,0.26029552570243614,discrim
-82,1.249742697769123e+18,0.2915262056484357,0.19822875454990208,0.22099439802237153,0.2621806599376131,discrim
-81,1.249742697769123e+18,0.28981751916866827,0.1966214883928106,0.2202239110185619,0.26029552570243614,discrim
-80,1.2488987745231764e+18,0.28981751916866827,0.1966214883928106,0.22012217934053185,0.26029552570243614,discrim
-79,1.2488987745231764e+18,0.2888029915549004,0.19447971526844804,0.2182078994338404,0.25801594281963336,discrim
-78,1.2488987745231764e+18,0.2888029915549004,0.19447971526844804,0.2182078994338404,0.25801594281963336,discrim
-77,1.2488987745231764e+18,0.2888029915549004,0.19551341600756053,0.2182078994338404,0.25934796220181205,discrim
-76,1.2505349676896538e+18,0.2876590990321556,0.19312205013637812,0.21531200316227633,0.2566796139548,discrim
-75,1.2483373914298624e+18,0.28737607808371557,0.191448590587519,0.21531200316227633,0.2566796139548,discrim
-74,1.2501432418880694e+18,0.2881048088728989,0.19312205013637812,0.21728123469950475,0.2579196679795511,discrim
-73,1.2515815230300728e+18,0.28737607808371557,0.191448590587519,0.21728123469950475,0.2579196679795511,discrim
-72,1.2528353243650683e+18,0.28936392432659536,0.19583738867871966,0.2191955146061962,0.26075236571535215,discrim
-71,1.2532377625775575e+18,0.28936392432659536,0.19583738867871966,0.2191955146061962,0.26075236571535215,discrim
-70,1.2535905169742387e+18,0.2891112336968409,0.1943336185687515,0.2189039590285932,0.26097190500869716,discrim
-69,1.2539068782120914e+18,0.2891112336968409,0.19355200698950698,0.2189039590285932,0.26097190500869716,discrim
-68,1.2551010514460188e+18,0.28520647430272794,0.19066697900827448,0.2149388361366209,0.25738365083395554,discrim
-67,1.2561134266065953e+18,0.28520647430272794,0.19066697900827448,0.2149388361366209,0.25738365083395554,discrim
-66,1.256507001523203e+18,0.28520647430272794,0.19244269244265785,0.21538159179022076,0.2574578284181945,discrim
-65,1.2573799288936097e+18,0.2891112336968409,0.1946854652010956,0.2189039590285932,0.26097190500869716,discrim
-64,1.258142626484935e+18,0.2891112336968409,0.1946854652010956,0.2189039590285932,0.26097190500869716,discrim
-63,1.259202369272908e+18,0.28520647430272794,0.19244269244265785,0.21538159179022076,0.2574578284181945,discrim
-62,1.2600942292841272e+18,0.28520647430272794,0.19244269244265785,0.21538159179022076,0.2574578284181945,discrim
-61,1.260748508045455e+18,0.28649592007511,0.1946854652010956,0.2160210763528699,0.2596587767867986,discrim
-60,1.2614356166120832e+18,0.2860046321379114,0.1946854652010956,0.21541509510679838,0.2585482190233732,discrim
-59,1.2614356166120832e+18,0.28990939153202433,0.1965918207358306,0.2189374623451708,0.2620622956138759,discrim
-58,1.2614356166120832e+18,0.28990939153202433,0.1965918207358306,0.2189374623451708,0.2620622956138759,discrim
-57,1.2614356166120832e+18,0.2867201344543762,0.1952583703744186,0.2189374623451708,0.2596413309904543,discrim
-56,1.2607165163417272e+18,0.2867201344543762,0.19605541136230448,0.21925137289173297,0.2596413309904543,discrim
-55,1.259202369272908e+18,0.2899791537095192,0.1984551245106974,0.22049319435007297,0.26311058645590524,discrim
-54,1.259202369272908e+18,0.2899791537095192,0.1984551245106974,0.22049319435007297,0.26368889844257515,discrim
-53,1.2607165163417272e+18,0.2919100307609818,0.20071468129791875,0.22117837841377702,0.26646855774005207,discrim
-52,1.2607165163417272e+18,0.29329477320094655,0.20183459256485764,0.22245012891635468,0.26781734065546003,discrim
-51,1.2584852471763922e+18,0.2919249462641774,0.20064129856461724,0.22117837841377702,0.266618217976768,discrim
-50,1.2566871863263726e+18,0.2899791537095192,0.1984551245106974,0.22049319435007297,0.26368889844257515,discrim
-49,1.2566871863263726e+18,0.2908078359858896,0.1984551245106974,0.22117837841377702,0.26368889844257515,discrim
-48,1.2566871863263726e+18,0.29219257842585433,0.20064129856461724,0.22245340718022016,0.266618217976768,discrim
-47,1.2566871863263726e+18,0.2916219856401717,0.198919380802379,0.22245340718022016,0.264280858744966,discrim
-46,1.256118549580093e+18,0.2926767646053231,0.198919380802379,0.22245340718022016,0.26569847895155285,discrim
-45,1.2566871863263726e+18,0.2916219856401717,0.19784262886507847,0.22245340718022016,0.2646210253903547,discrim
-44,1.257232344803091e+18,0.2926767646053231,0.19784262886507847,0.22405652438608778,0.26505006928054753,discrim
-43,1.2581055153386624e+18,0.29385753862462805,0.2000392920693179,0.22544029898047085,0.26752310552127256,discrim
-42,1.2581055153386624e+18,0.29385753862462805,0.2000392920693179,0.22568511494707494,0.26752310552127256,discrim
-41,1.258568137343236e+18,0.29385753862462805,0.2000392920693179,0.22681736092641136,0.26752310552127256,discrim
-40,1.258568137343236e+18,0.29493160110765076,0.20206820859867566,0.2274061768170898,0.27011969899469074,discrim
-39,1.258568137343236e+18,0.29493160110765076,0.20206820859867566,0.2274061768170898,0.27011969899469074,discrim
-38,1.2592379278692416e+18,0.2952190089477625,0.20186991029861232,0.2274061768170898,0.27176608243527733,discrim
-37,1.2604440503549036e+18,0.2952190089477625,0.20186991029861232,0.2274061768170898,0.27176608243527733,discrim
-36,1.2625219541242237e+18,0.2952190089477625,0.20186991029861232,0.2274061768170898,0.27176608243527733,discrim
-35,1.2639849450504008e+18,0.2952190089477625,0.20186991029861232,0.2274061768170898,0.27176608243527733,discrim
-34,1.2644546904239421e+18,0.293865256897464,0.20104320571542283,0.2274061768170898,0.26752310552127256,discrim
-33,1.2651775710486508e+18,0.293865256897464,0.20104320571542283,0.2265515033415188,0.26752310552127256,discrim
-32,1.2662111768413855e+18,0.293865256897464,0.20104320571542283,0.2265515033415188,0.2671636024303121,discrim
-31,1.2675373043078047e+18,0.293865256897464,0.20104320571542283,0.22674957872053508,0.2671636024303121,discrim
-30,1.2685510620690117e+18,0.29058303470177727,0.1985954167945747,0.22550108761005716,0.2625755596272046,discrim
-29,1.2691717889292006e+18,0.2871023905402017,0.19461038069267142,0.2251694173834083,0.2582455922149994,discrim
-28,1.269896517466155e+18,0.2871023905402017,0.19461038069267142,0.2241466416814458,0.2582455922149994,discrim
-27,1.2705867261022305e+18,0.2871023905402017,0.19461038069267142,0.22279114463179395,0.2582455922149994,discrim
-26,1.2705867261022305e+18,0.28665123079886257,0.19356677157635852,0.22192864479913893,0.256303350557478,discrim
-25,1.2730318254932424e+18,0.28452640595025247,0.19260494482910157,0.2213832915765426,0.2554237814803925,discrim
-24,1.2730318254932424e+18,0.2820704365493375,0.19241296529602345,0.2211926743610396,0.2541500960336772,discrim
-23,1.2769798350851676e+18,0.2812995357065113,0.19222148642384182,0.2211926743610396,0.2531286034373518,discrim
-22,1.2788045347870164e+18,0.28196381541610704,0.19143696683377442,0.2211926743610396,0.252740595463039,discrim
-21,1.276906418954903e+18,0.28270701646688434,0.19148216520034445,0.2194223575581406,0.252740595463039,discrim
-20,1.2738899498072026e+18,0.28270701646688434,0.19148216520034445,0.2194223575581406,0.252740595463039,discrim
-19,1.2738899498072026e+18,0.283320401132279,0.19260494482910157,0.2211926743610396,0.2541500960336772,discrim
-18,1.276906418954903e+18,0.28503316948241664,0.19329151737382766,0.2211926743610396,0.2558690127583289,discrim
-17,1.2741808775570831e+18,0.283320401132279,0.1931447362073196,0.21924095718921374,0.2532567763697441,discrim
-16,1.2736747823744387e+18,0.283320401132279,0.1931447362073196,0.21924095718921374,0.2532567763697441,discrim
-15,1.2736747823744387e+18,0.283320401132279,0.1931447362073196,0.21924095718921374,0.2532567763697441,discrim
-14,1.272989108111232e+18,0.283320401132279,0.1931447362073196,0.21924095718921374,0.2532567763697441,discrim
-13,1.2724676127400159e+18,0.283320401132279,0.1931447362073196,0.21924095718921374,0.2532567763697441,discrim
-12,1.272989108111232e+18,0.283320401132279,0.1931447362073196,0.21928240481945355,0.2553926545335276,discrim
-11,1.272989108111232e+18,0.28911107845199785,0.19741162585617184,0.21995987093535746,0.2623925846349277,discrim
-10,1.2736747823744387e+18,0.29856088916560897,0.2044789494094975,0.2228186313831854,0.27045903731885074,discrim
-9,1.2736747823744387e+18,0.3064399325849295,0.21069121991117057,0.22530523636024302,0.27718750692222127,discrim
-8,1.2736747823744387e+18,0.31022286083297734,0.2145444257204749,0.2333854844799103,0.2793262224196796,discrim
-7,1.274110762155031e+18,0.31112612655198324,0.2157685938043446,0.24180166902945133,0.28136314153100384,discrim
-6,1.27573131708081e+18,0.31112612655198324,0.2157685938043446,0.24180166902945133,0.28136314153100384,discrim
-5,1.2767566696192717e+18,0.31112612655198324,0.2167083862316929,0.24180166902945133,0.28101782757911015,discrim
-4,1.2751773479607593e+18,0.322163368970006,0.22301089046302522,0.25155953775717416,0.28902816106334595,discrim
-3,1.2751773479607593e+18,0.3331480976186155,0.2286104754723733,0.2588785561683257,0.2946932842464205,discrim
-2,1.2751773479607593e+18,0.3348598414934357,0.22903370246851984,0.26014919221140465,0.29794627849478006,discrim
-1,1.2751773479607593e+18,0.33787452813453345,0.2320410036585378,0.2650875565681416,0.3043524958834306,discrim
0,1.2767566696192717e+18,0.33787452813453345,0.2320410036585378,0.2650875565681416,0.3043524958834306,discrim
1,1.2783877833447598e+18,0.33787452813453345,0.2320410036585378,0.2650875565681416,0.3043524958834306,discrim
2,1.2802163103461827e+18,0.33787452813453345,0.2320410036585378,0.2650875565681416,0.3043524958834306,discrim
3,1.280646483065636e+18,0.33787452813453345,0.2320410036585378,0.26955776118738106,0.3043524958834306,discrim
4,1.2830367764643456e+18,0.35440612186411696,0.24422380366912727,0.29463181015108175,0.3103228524943802,discrim
5,1.2844156315750267e+18,0.37116904291356045,0.25428152523720204,0.31417737691705194,0.315343453357524,discrim
6,1.2915676894316183e+18,0.37116904291356045,0.25428152523720204,0.31417737691705194,0.315343453357524,discrim
7,1.301160853340183e+18,0.37116904291356045,0.25428152523720204,0.31417737691705194,0.315343453357524,discrim
8,1.316727323100019e+18,0.37116904291356045,0.25428152523720204,0.31417737691705194,0.315343453357524,discrim
9,1.3328842104030438e+18,0.37116904291356045,0.25428152523720204,0.31417737691705194,0.315343453357524,discrim
10,1.3365694513734415e+18,0.37116904291356045,0.25428152523720204,0.31417737691705194,0.315343453357524,discrim
11,1.337361705400831e+18,0.37116904291356045,0.25428152523720204,0.31417737691705194,0.315343453357524,discrim
12,1.337361705400831e+18,0.35101592727213526,0.24227544665060047,0.30383158890823414,0.2985269412322021,discrim
13,1.337361705400831e+18,0.3303995974667892,0.23003137320143807,0.28595153408809354,0.2834132304177538,discrim
14,1.337361705400831e+18,0.3238637330516508,0.22527139970080468,0.28047025802056597,0.2834132304177538,discrim
15,1.337361705400831e+18,0.31992199504964114,0.21948464698142445,0.27200404815291446,0.27394465242769805,discrim
16,1.3368781048530058e+18,0.3119857916177581,0.21517130293663805,0.26126744089884146,0.26404187199393125,discrim
17,1.3358839933722127e+18,0.303616950320095,0.20922602847359353,0.25666156463017575,0.26404187199393125,discrim
18,1.3345849167589064e+18,0.30290025410135035,0.20557418280061013,0.2536605959389018,0.2612571324418703,discrim
19,1.3345849167589064e+18,0.30290025410135035,0.20557418280061013,0.2536605959389018,0.2612571324418703,discrim
20,1.322585253700898e+18,0.30290025410135035,0.20557418280061013,0.25666156463017575,0.2612571324418703,discrim
21,1.3108599382763377e+18,0.30290025410135035,0.20557418280061013,0.25666156463017575,0.2612571324418703,discrim
22,1.3098367655960064e+18,0.30290025410135035,0.20557418280061013,0.25666156463017575,0.26354952811796917,discrim
23,1.3093664356676726e+18,0.30290025410135035,0.20557418280061013,0.25666156463017575,0.26354952811796917,discrim
24,1.3088131998384084e+18,0.31067459428447686,0.21329938441032129,0.25894183198388543,0.2755647365096875,discrim
25,1.3052061489784745e+18,0.3111326272984398,0.21487880377686264,0.25894183198388543,0.2786812916612042,discrim
26,1.3018741828848543e+18,0.3187817766536129,0.22126457412809108,0.2635477082525511,0.28574456761627165,discrim
27,1.3015540849647345e+18,0.3196603361211141,0.2218707763117046,0.26448478866016467,0.2885002246602417,discrim
28,1.3015540849647345e+18,0.3200797588023973,0.2245514662247464,0.2651932785886004,0.28973841669119976,discrim
29,1.3015540849647345e+18,0.3200797588023973,0.2245514662247464,0.2651932785886004,0.28973841669119976,discrim
30,1.3002175398834688e+18,0.3224157672010778,0.2276529335134279,0.26595534258796216,0.2917080724351161,discrim
31,1.2981741661991526e+18,0.3280862275215189,0.2288644322825547,0.26951554210148176,0.29583452922388964,discrim
32,1.2969840492507796e+18,0.33449437254906134,0.23095975002314634,0.27275395283607806,0.2985572020902131,discrim
33,1.2969840492507796e+18,0.33449437254906134,0.23095975002314634,0.27275395283607806,0.2985572020902131,discrim
34,1.2969840492507796e+18,0.33449437254906134,0.23095975002314634,0.27275395283607806,0.2985572020902131,discrim
35,1.2981741661991526e+18,0.32661562876438743,0.22792194228762425,0.2694837038467526,0.29434600669482724,discrim
36,1.3002175398834688e+18,0.3200797588023973,0.2245514662247464,0.2645461487051809,0.28973841669119976,discrim
37,1.3036387320629596e+18,0.3186637123087315,0.221774399013712,0.2614910887277594,0.28704943574438047,discrim
38,1.3069217640533294e+18,0.3172369739356202,0.21879072890561113,0.25940394421450286,0.2845166783572033,discrim
39,1.3098859299428475e+18,0.3172369739356202,0.21879072890561113,0.25940394421450286,0.2845166783572033,discrim
40,1.3125491888855055e+18,0.3123278567294697,0.21420553112512208,0.2544302120749158,0.28058090272765757,discrim
41,1.313096443100585e+18,0.3073010053435854,0.2120896152458267,0.25038793026519734,0.2769872441766618,discrim
42,1.313096443100585e+18,0.3073010053435854,0.2120896152458267,0.25038793026519734,0.2769872441766618,discrim
43,1.3125109407869276e+18,0.3123278567294697,0.21430923283549824,0.25463043346197406,0.2805981101509958,discrim
44,1.3125109407869276e+18,0.3123278567294697,0.21430923283549824,0.25463043346197406,0.2805981101509958,discrim
45,1.3125109407869276e+18,0.3102019588567504,0.21282971239728854,0.25038793026519734,0.28016007600793935,discrim
46,1.3125109407869276e+18,0.3102019588567504,0.21282971239728854,0.24965067547595476,0.28016007600793935,discrim
47,1.3098877963482778e+18,0.31423497454190663,0.21494562827658392,0.25038793026519734,0.28375373455893504,discrim
48,1.3105163298547702e+18,0.3105151044915202,0.21324880198736898,0.24965067547595476,0.28138219748824234,discrim
49,1.3105163298547702e+18,0.3105151044915202,0.21324880198736898,0.24965067547595476,0.28138219748824234,discrim
50,1.309043478209468e+18,0.3105151044915202,0.21324880198736898,0.24810258185257517,0.28138219748824234,discrim
51,1.309043478209468e+18,0.3076141509783552,0.21265687896277655,0.24692149821179388,0.2794530149100326,discrim
52,1.309043478209468e+18,0.3076141509783552,0.21265687896277655,0.24692149821179388,0.2794530149100326,discrim
53,1.308922796014943e+18,0.3076141509783552,0.21265687896277655,0.24692149821179388,0.2794530149100326,discrim
54,1.3083197574366748e+18,0.3105151044915202,0.21324880198736898,0.24810258185257517,0.281386517837669,discrim
55,1.3081107477274604e+18,0.31583916059115125,0.21521105112902317,0.24810258185257517,0.2853145250251524,discrim
56,1.308618599039428e+18,0.3105151044915202,0.21324880198736898,0.24692149821179388,0.281386517837669,discrim
57,1.308922796014943e+18,0.30759441367584567,0.21265687896277655,0.24605474645190245,0.2794530149100326,discrim
58,1.309043478209468e+18,0.30759441367584567,0.21265687896277655,0.24605474645190245,0.2794530149100326,discrim
59,1.309043478209468e+18,0.30536469664914745,0.2108276995983019,0.2443050349476903,0.2768559039932307,discrim
60,1.3100991223879124e+18,0.3030996111032224,0.2063159691755437,0.24259173513535853,0.2736609586488845,discrim
61,1.3123293215411005e+18,0.3030996111032224,0.2063159691755437,0.24259173513535853,0.2736609586488845,discrim
62,1.3137256329510636e+18,0.3030996111032224,0.2063159691755437,0.24259173513535853,0.2736609586488845,discrim
63,1.3137256329510636e+18,0.30536469664914745,0.2108276995983019,0.2443050349476903,0.27686022434265734,discrim
64,1.3140751408562012e+18,0.3011391608077695,0.20626933509450762,0.24259173513535853,0.27197842878099016,discrim
65,1.3142865256906516e+18,0.29572607201237994,0.19967197222848443,0.23957463795060968,0.26245930820669955,discrim
66,1.3170313659297167e+18,0.30305707209856797,0.20762723699243785,0.24719710949097495,0.27046168490566236,discrim
67,1.3190929723540454e+18,0.30305707209856797,0.20762723699243785,0.24719710949097495,0.27046168490566236,discrim
68,1.321041819570388e+18,0.29572822019527734,0.19967197222848443,0.24137306111964818,0.26245930820669955,discrim
69,1.321041819570388e+18,0.2954436656299566,0.1982838861257073,0.23901628058332433,0.26041094838577916,discrim
70,1.3224772123057216e+18,0.294811463623452,0.19799244014236483,0.2356628928371553,0.2611775959901186,discrim
71,1.3224772123057216e+18,0.294811463623452,0.19761860912689178,0.23355968183072567,0.2611775959901186,discrim
72,1.3224772123057216e+18,0.2941041578024596,0.19666701426946992,0.22938070426116236,0.26041094838577916,discrim
73,1.3226475809566362e+18,0.294811463623452,0.19761860912689178,0.23355968183072567,0.2611775959901186,discrim
74,1.3224772123057216e+18,0.2954436656299566,0.19879609007380056,0.23871615991612744,0.26321781008594003,discrim
75,1.3224772123057216e+18,0.294811463623452,0.19761860912689178,0.2353852914842981,0.2611775959901186,discrim
76,1.321153460467808e+18,0.294811463623452,0.19761860912689178,0.2353852914842981,0.2611775959901186,discrim
77,1.3226475809566362e+18,0.294811463623452,0.19761860912689178,0.2353852914842981,0.2611775959901186,discrim
78,1.321153460467808e+18,0.2948136118063494,0.19761860912689178,0.23688359398613967,0.2611775959901186,discrim
79,1.3193342426786606e+18,0.29756823988671377,0.20008473195866575,0.24051458308516593,0.26353173309818007,discrim
80,1.3207696354139942e+18,0.29756823988671377,0.20008473195866575,0.24051458308516593,0.26353173309818007,discrim
81,1.3207696354139942e+18,0.30047619940114634,0.20331278757257662,0.24100023736106796,0.26741782531595515,discrim
82,1.318349375959079e+18,0.30246003667246846,0.20555973257163995,0.2413708582860447,0.26988700205159527,discrim
83,1.317074224700715e+18,0.3051312331490774,0.20620564348412174,0.2471012324068544,0.27175658477287484,discrim
84,1.3152456844395494e+18,0.3072774545805006,0.20741325018681153,0.2528788851690037,0.2735592341945193,discrim
85,1.313236025588327e+18,0.30837577402093286,0.21148111199924446,0.2528788851690037,0.27737072306982347,discrim
86,1.3117831264016097e+18,0.31163056459968536,0.2151618951548881,0.25481607037220183,0.28129940305830553,discrim
87,1.3101628494876426e+18,0.31588801158247437,0.21662784497680992,0.2566740051030626,0.2818605791049742,discrim
88,1.3089628517690396e+18,0.31848003739530406,0.21903471635845728,0.2597970347529325,0.28259434753024926,discrim
89,1.3078817635448868e+18,0.32139191053511035,0.22207376394622008,0.26783060572422207,0.28596969822186374,discrim
90,1.3078817635448868e+18,0.32730526624502326,0.22493509492690092,0.27337057323802816,0.2896635278557606,discrim
91,1.3078817635448868e+18,0.33211112468484405,0.22753202733092404,0.2766539033734918,0.29228206757182795,discrim
92,1.3078817635448868e+18,0.33211112468484405,0.22753202733092404,0.2766539033734918,0.29228206757182795,discrim
93,1.3074346877352694e+18,0.33211112468484405,0.22753202733092404,0.2766539033734918,0.29228206757182795,discrim
94,1.3074346877352694e+18,0.33211112468484405,0.22753202733092404,0.2766539033734918,0.29228206757182795,discrim
95,1.3080758702655608e+18,0.3283413369837874,0.22514494229480803,0.2698406172379104,0.2896635278557606,discrim
96,1.3080758702655608e+18,0.32359880747620906,0.22360814295538556,0.26581418210140684,0.2892303326770704,discrim
97,1.3087003378838794e+18,0.320815242351563,0.22250859775601123,0.2624044445525485,0.28710221090889404,discrim
98,1.3087003378838794e+18,0.320815242351563,0.22250859775601123,0.2624044445525485,0.28710221090889404,discrim
99,1.3087003378838794e+18,0.320815242351563,0.22250859775601123,0.2634966206068506,0.28710221090889404,discrim
100,1.3093667945550141e+18,0.31780397244965797,0.22036177262301754,0.26010705148726565,0.2839298589941268,discrim
101,1.3097165705988296e+18,0.3151639623821698,0.21869865263053595,0.26010705148726565,0.28039153469199063,discrim
102,1.3097165705988296e+18,0.3151639623821698,0.21869865263053595,0.26010705148726565,0.28039153469199063,discrim
103,1.310217167317221e+18,0.31302534357655326,0.2169736879823691,0.2562642469774882,0.28039153469199063,discrim
104,1.3107313899972997e+18,0.3114871049905842,0.2145775812359167,0.25289932226803213,0.27846845143177434,discrim
105,1.3107809322001736e+18,0.31000090412783177,0.21341452728015248,0.25289932226803213,0.2769274979323801,discrim
106,1.3107643236445924e+18,0.3083544985599244,0.21283260482462918,0.2519521068766156,0.27478304448638047,discrim
107,1.3107643236445924e+18,0.3083544985599244,0.21291852399115263,0.2519521068766156,0.2757417648212961,discrim
108,1.310950716875696e+18,0.3083544985599244,0.21291852399115263,0.25289932226803213,0.2757417648212961,discrim
109,1.311169538924875e+18,0.3083544985599244,0.21291852399115263,0.2519521068766156,0.2757417648212961,discrim
110,1.311169538924875e+18,0.3075659096362051,0.2119863721243584,0.2511511470171913,0.27312577580006425,discrim
111,1.3118107745349253e+18,0.3075659096362051,0.21107291662463512,0.2511511470171913,0.27518280941509915,discrim
112,1.3123872910120028e+18,0.3075659096362051,0.21107291662463512,0.2511511470171913,0.27518280941509915,discrim
113,1.3128595862875177e+18,0.3075659096362051,0.21107291662463512,0.2511511470171913,0.27790949602557746,discrim
114,1.3128595862875177e+18,0.309378962379985,0.2125682945798817,0.2519521068766156,0.282225218492571,discrim
115,1.3132113066451978e+18,0.3108651632427375,0.21457128199534845,0.25374544834609997,0.2855218303009507,discrim
116,1.316837468052883e+18,0.3082309826028406,0.21439173790092164,0.2511511470171913,0.2810840299218954,discrim
117,1.3215292340810214e+18,0.3061249256977675,0.2134595860341274,0.2498882503786044,0.2764150124440161,discrim
118,1.3262864836051348e+18,0.3061249256977675,0.2134595860341274,0.2498882503786044,0.27665022153248364,discrim
119,1.3323266866248868e+18,0.30504630648804026,0.21149928635677767,0.2470101328219042,0.27665022153248364,discrim
120,1.335519014808481e+18,0.30504630648804026,0.21149928635677767,0.24374519786092302,0.27665022153248364,discrim
121,1.3356346271464845e+18,0.301482949166971,0.20702517305731227,0.24023085226821012,0.2762969265215979,discrim
122,1.3356346271464845e+18,0.29635280466115976,0.20355551107278225,0.23712874512934295,0.2736709262041096,discrim
123,1.3363972031590943e+18,0.29348773612665996,0.20069601816482865,0.23529078267730083,0.26926271157133064,discrim
124,1.3356859648723866e+18,0.29348773612665996,0.20069601816482865,0.23529078267730083,0.2664357808523047,discrim
125,1.3356859648723866e+18,0.2929627723998224,0.20052098164951254,0.2336871136321017,0.26535953266130513,discrim
126,1.3356859648723866e+18,0.29348773612665996,0.20052098164951254,0.23347191527423355,0.2664357808523047,discrim
127,1.3348077765217736e+18,0.291264630217016,0.19834693758673738,0.23277895351291034,0.26290426182226123,discrim
128,1.333575514184941e+18,0.291264630217016,0.19834693758673738,0.23277895351291034,0.26290426182226123,discrim
129,1.332304254938649e+18,0.2876404600597352,0.19364752695771767,0.2289289839055741,0.25842592810407095,discrim
130,1.3318585843401093e+18,0.2858690179249023,0.19364752695771767,0.2261058727816216,0.25842592810407095,discrim
131,1.331619114216504e+18,0.2858690179249023,0.19311902959420574,0.22532943047478046,0.25502840815236894,discrim
132,1.331619114216504e+18,0.28417536439761937,0.19096235587694282,0.22508661886095704,0.2521139657521521,discrim
133,1.331619114216504e+18,0.28002181773733237,0.189684054774786,0.22465495151210643,0.2499675848702842,discrim
134,1.3314743841292419e+18,0.281416219733825,0.19046151286831822,0.2252092213434152,0.2499675848702842,discrim
135,1.33131652453156e+18,0.281416219733825,0.19046151286831822,0.2252092213434152,0.2499675848702842,discrim
136,1.33131652453156e+18,0.2807778285431613,0.19046151286831822,0.22465495151210643,0.2499675848702842,discrim
137,1.3307268667759642e+18,0.27881403818669315,0.19046151286831822,0.2241859119382304,0.24974277525610658,discrim
138,1.3300296409440148e+18,0.27681912731514924,0.18923584078070113,0.2241859119382304,0.24815312836705727,discrim
139,1.3298068762969364e+18,0.27681912731514924,0.18923584078070113,0.2241859119382304,0.24815312836705727,discrim
140,1.328898831153347e+18,0.27543657040110414,0.18756708936733985,0.22186428809907333,0.24742192379223565,discrim
141,1.328898831153347e+18,0.2740536320921662,0.18600101275484102,0.21964426652344757,0.24742192379223565,discrim
142,1.3277416852748506e+18,0.2730941278028223,0.18512247685365935,0.21854744177545454,0.24626538436290205,discrim
143,1.3255949440642668e+18,0.27169774970465244,0.1848633943142194,0.21579048692941982,0.2444045907882792,discrim
144,1.3253217255516022e+18,0.27169774970465244,0.1848633943142194,0.21579048692941982,0.2444045907882792,discrim
145,1.325028374301269e+18,0.26843954239736734,0.18305975863631627,0.21257307949622783,0.2436858924352393,discrim
146,1.32483575323077e+18,0.27169774970465244,0.18366298134443895,0.21257307949622783,0.24462965031041695,discrim
147,1.3246717890630996e+18,0.2730941278028223,0.1848633943142194,0.21443312149134003,0.24557422506973578,discrim
148,1.3246484588660188e+18,0.2730941278028223,0.1848633943142194,0.21443312149134003,0.24557422506973578,discrim
149,1.3247719607221898e+18,0.27169774970465244,0.18366298134443895,0.21257307949622783,0.24462965031041695,discrim
150,1.3247719607221898e+18,0.27169774970465244,0.18366298134443895,0.21257307949622783,0.24462965031041695,discrim
151,1.3247719607221898e+18,0.27169774970465244,0.18366298134443895,0.2131305579550877,0.24462965031041695,discrim
152,1.3245482969715113e+18,0.27169774970465244,0.18366298134443895,0.2131305579550877,0.24462965031041695,discrim
153,1.3247719607221898e+18,0.26868743859637434,0.1810675596326296,0.21088459005676924,0.24462965031041695,discrim
154,1.325048680392352e+18,0.2664669953678592,0.1795310703326266,0.20772169499880977,0.24387150127808957,discrim
155,1.325048680392352e+18,0.26148871798519485,0.17585803449740828,0.20177942100684074,0.2332994762370323,discrim
156,1.325048680392352e+18,0.26148871798519485,0.17585803449740828,0.20177942100684074,0.2332994762370323,discrim
157,1.325852226314415e+18,0.2594601506716536,0.17585803449740828,0.20177942100684074,0.23268926809145724,discrim
158,1.3289432572317015e+18,0.23973282642762536,0.16129133290326672,0.1888401586991273,0.21257959624361356,discrim
159,1.403086796979502e+18,0.20943436702221607,0.144092358067781,0.17117267303833725,0.19215122642883015,discrim
160,1.4748576699067177e+18,0.1899789275,0.13597834177272727,0.15957644709090912,0.1743221836590909,discrim
161,1.4752326732972626e+18,0.1899789275,0.1280903699318182,0.15489522022727276,0.15853304677272728,discrim
162,1.4756200028175608e+18,0.1899789275,0.11640008996363635,0.1526062540671284,0.14999378857305184,discrim
163,1.4759783847995057e+18,0.18711369768181818,0.10978523023392864,0.15184435785365435,0.1488265840909091,discrim
164,1.476323699552367e+18,0.18230508156818181,0.10751333292938318,0.15131082887440478,0.1469488194834436,discrim
165,1.4767012328096742e+18,0.1785657251136364,0.10751333292938318,0.15131082887440478,0.1469488194834436,discrim
166,1.4770488503411466e+18,0.1773657987712121,0.10224339650075245,0.1483423959287879,0.14300441950617088,discrim
167,1.4774106651274383e+18,0.1773657987712121,0.10224339650075245,0.1483423959287879,0.14300441950617088,discrim
168,1.4777990347994527e+18,0.17699849251424704,0.09577273676085346,0.14037056182323232,0.13763148584090906,discrim
169,1.4781512478742508e+18,0.17699849251424704,0.09577273676085346,0.14037056182323232,0.13763148584090906,discrim
170,1.478531442018601e+18,0.17732787821879248,0.09577273676085346,0.14333899476884918,0.13998300930162538,discrim
171,1.4789056316567086e+18,0.17732787821879248,0.09577273676085346,0.14333899476884918,0.13998300930162538,discrim
172,1.4792685911208197e+18,0.17837927714438506,0.09651219218569011,0.1472231371136204,0.13998300930162538,discrim
173,1.479607405174645e+18,0.17837927714438506,0.09651219218569011,0.1472231371136204,0.13998300930162538,discrim
-183,1.387380691328031e+18,0.23454625906914897,0.14376783043085106,0.20030091331382988,0.1824215719840426,assualt
-182,1.3875689236593533e+18,0.23161657881838957,0.1476891263942116,0.19101761414217505,0.18608609200658777,assualt
-181,1.387380691328031e+18,0.22868689856763016,0.14376783043085106,0.18173431497052023,0.1824215719840426,assualt
-180,1.3834540845130757e+18,0.2108906965794355,0.13123919927199487,0.1696265096841652,0.16441304135789717,assualt
-179,1.3795274776981207e+18,0.19309449459124078,0.11871056811313868,0.1575187043978102,0.14640451073175173,assualt
-178,1.3803192088605087e+18,0.1913014231207148,0.11844607079436463,0.15458758756299906,0.1450429621766141,assualt
-177,1.3795274776981207e+18,0.1907065492560553,0.11818157347559058,0.1516564707281879,0.14498051625605535,assualt
-176,1.3803192088605087e+18,0.19190052192364804,0.11722112772058217,0.15458758756299906,0.14569251349390355,assualt
-175,1.3805299609583165e+18,0.19309449459124078,0.11626068196557376,0.1516564707281879,0.14640451073175173,assualt
-174,1.3808204504906066e+18,0.19339334692668836,0.11722112772058217,0.15458758756299906,0.1465617231085943,assualt
-173,1.3805299609583165e+18,0.19369219926213593,0.11818157347559058,0.15629015648106323,0.14671893548543688,assualt
-172,1.3808204504906066e+18,0.19795072092410076,0.11844607079436463,0.15690443043943672,0.1472486459742758,assualt
-171,1.3811109400228964e+18,0.19369219926213593,0.11818157347559058,0.15629015648106323,0.14671893548543688,assualt
-170,1.381161391273077e+18,0.19339334692668836,0.11722112772058217,0.15397331360462557,0.1465617231085943,assualt
-169,1.381161391273077e+18,0.19190052192364804,0.11608584681410766,0.1504059079442826,0.14569251349390355,assualt
-168,1.381161391273077e+18,0.19190052192364804,0.11608584681410766,0.1504059079442826,0.14569251349390355,assualt
-167,1.381161391273077e+18,0.19339334692668836,0.11722112772058217,0.15030560184506284,0.1465617231085943,assualt
-166,1.3814880987563464e+18,0.19425338960652808,0.11722112772058217,0.14886540250766794,0.14660309529946697,assualt
-165,1.3828281897192653e+18,0.1972403949784452,0.11859336097352766,0.15030560184506284,0.1472486459742758,assualt
-164,1.3841200874604014e+18,0.2009377262960179,0.1215438442882868,0.1526224447215005,0.149187739475502,assualt
-163,1.3847344244095186e+18,0.2045315567596577,0.12312659415048713,0.15723775225097936,0.15080097586616686,assualt
-162,1.3854222157253967e+18,0.2073516014533359,0.12390775293316501,0.15723775225097936,0.1513592204179599,assualt
-161,1.3854222157253967e+18,0.20770516776787246,0.12390775293316501,0.16109991234358262,0.15293625442432718,assualt
-160,1.386281306902229e+18,0.20720743724778637,0.12390775293316501,0.1607142125655498,0.15293625442432718,assualt
-159,1.3870116360152023e+18,0.20720743724778637,0.12390775293316501,0.16362877688823696,0.15293625442432718,assualt
-158,1.3872668423190141e+18,0.2046020098715606,0.12358849017421537,0.1607142125655498,0.1521967068751368,assualt
-157,1.3872668423190141e+18,0.20720743724778637,0.12390775293316501,0.16404040426681388,0.15341934970798865,assualt
-156,1.3872668423190141e+18,0.20720743724778637,0.12407881869628024,0.16404040426681388,0.15341934970798865,assualt
-155,1.3870116360152023e+18,0.20832346786449474,0.1248680225611378,0.16404040426681388,0.1553705742668332,assualt
-154,1.3870116360152023e+18,0.20832346786449474,0.12407881869628024,0.16404040426681388,0.15341934970798865,assualt
-153,1.3872668423190141e+18,0.20982816418967654,0.12407881869628024,0.1669709301008053,0.15463102671764284,assualt
-152,1.3880127652575002e+18,0.21076290548957677,0.1248680225611378,0.16934193925663085,0.1572187458378706,assualt
-151,1.3880127652575002e+18,0.20982816418967654,0.12407881869628024,0.1669709301008053,0.15463102671764284,assualt
-150,1.3887710957962214e+18,0.20832346786449474,0.12393964693089674,0.16404040426681388,0.15463102671764284,assualt
-149,1.3889211620564398e+18,0.20743854688023983,0.12383461047067998,0.1629895388845951,0.1572187458378706,assualt
-148,1.3897923201644675e+18,0.20670286500836105,0.12383461047067998,0.16203408591962276,0.15463102671764284,assualt
-147,1.3909381197931223e+18,0.20556216186215154,0.12383461047067998,0.16128380649176904,0.15562341339497293,assualt
-146,1.3909381197931223e+18,0.20556216186215154,0.12383461047067998,0.16086919726092075,0.15562341339497293,assualt
-145,1.391451723023628e+18,0.20556216186215154,0.12383461047067998,0.16086919726092075,0.15562341339497293,assualt
-144,1.3924521446596385e+18,0.20556216186215154,0.12383461047067998,0.16128380649176904,0.16047137166219821,assualt
-143,1.3942373140898427e+18,0.2044190529629467,0.12353311947028431,0.16086919726092075,0.15543849673412047,assualt
-142,1.3955040944844897e+18,0.20556216186215154,0.12353311947028431,0.16086919726092075,0.16047137166219821,assualt
-141,1.3959557242242166e+18,0.20556216186215154,0.12324415873839173,0.16198572123113236,0.15784609338872652,assualt
-140,1.3965036109476198e+18,0.20556216186215154,0.12324415873839173,0.16208486670827363,0.16047137166219821,assualt
-139,1.3965036109476198e+18,0.2005266040891957,0.12266436114255028,0.16023622199157223,0.15784609338872652,assualt
-138,1.3976253327353093e+18,0.1952263821280624,0.11833253622738112,0.15899818900852797,0.15472899133154205,assualt
-137,1.3976253327353093e+18,0.1952263821280624,0.11833253622738112,0.15899818900852797,0.15472899133154205,assualt
-136,1.3976253327353093e+18,0.2005266040891957,0.12266436114255028,0.16023622199157223,0.15784609338872652,assualt
-135,1.3976253327353093e+18,0.1952263821280624,0.11833253622738112,0.1619710196071526,0.15472899133154205,assualt
-134,1.3984165715745797e+18,0.2005266040891957,0.12266436114255028,0.16282044451214756,0.15784609338872652,assualt
-133,1.3985609523456986e+18,0.1952263821280624,0.11890344979616088,0.16282044451214756,0.15472899133154205,assualt
-132,1.3984703922051507e+18,0.20270045593928254,0.12198718436995072,0.16546051393471314,0.15749919883386704,assualt
-131,1.3984703922051507e+18,0.20270045593928254,0.12198718436995072,0.16546051393471314,0.15749919883386704,assualt
-130,1.3984063396089395e+18,0.2019083137946912,0.11765535945478156,0.16534666683359212,0.15472899133154205,assualt
-129,1.3974305225560264e+18,0.20033635625597576,0.11752062622989784,0.16534666683359212,0.15472899133154205,assualt
-128,1.3974305225560264e+18,0.20033635625597576,0.11752062622989784,0.16534666683359212,0.15472899133154205,assualt
-127,1.3984063396089395e+18,0.2004466329673058,0.11752062622989784,0.16567173374574318,0.15332304795698742,assualt
-126,1.3986022092417505e+18,0.2004466329673058,0.11752062622989784,0.16567173374574318,0.15332304795698742,assualt
-125,1.3988231732136433e+18,0.21160014589934312,0.12298663106568755,0.1704721040307061,0.1560932554593124,assualt
-124,1.3990061819308933e+18,0.213119518440613,0.1232115999804142,0.17279772425899464,0.157509612847134,assualt
-123,1.3993204693665454e+18,0.213119518440613,0.12604377184622942,0.17279772425899464,0.1593544680887143,assualt
-122,1.3997255898687598e+18,0.213119518440613,0.12604377184622942,0.17279772425899464,0.1593544680887143,assualt
-121,1.4004200017706394e+18,0.2171313478071354,0.12876598261082756,0.17649244690501845,0.16245777950328738,assualt
-120,1.4015463815110705e+18,0.22142135161207793,0.13117759421340258,0.18125185167113206,0.16329469307042427,assualt
-119,1.4023352082510577e+18,0.22142135161207793,0.13117759421340258,0.18125185167113206,0.16329469307042427,assualt
-118,1.4029195690139538e+18,0.22142135161207793,0.13117759421340258,0.18125185167113206,0.16329469307042427,assualt
-117,1.4029195690139538e+18,0.21665351547763353,0.12795637886740185,0.17649244690501845,0.15899084541441974,assualt
-116,1.4034590165991214e+18,0.2200678105872762,0.12919975694155067,0.17649244690501845,0.16329469307042427,assualt
-115,1.403963111313255e+18,0.22142135161207793,0.13117759421340258,0.18020072244712262,0.16690524513492422,assualt
-114,1.4043830194837379e+18,0.22142135161207793,0.13430455011470127,0.18020072244712262,0.17068126306246045,assualt
-113,1.4044380718597407e+18,0.22142135161207793,0.1376030493132998,0.1774384826000036,0.17359426424660276,assualt
-112,1.404634176640213e+18,0.22142135161207793,0.1376030493132998,0.1774384826000036,0.17359426424660276,assualt
-111,1.404634176640213e+18,0.2200678105872762,0.1339770888305985,0.1742341462320221,0.17359426424660276,assualt
-110,1.4048547995644426e+18,0.2220316802341218,0.1376030493132998,0.17794242177412628,0.1743668941156033,assualt
-109,1.404969783641803e+18,0.22701402691545738,0.13911570084207478,0.18128906815335388,0.17494535730548078,assualt
-108,1.404969783641803e+18,0.2320659466915193,0.14160574223823513,0.18128906815335388,0.17815121658170124,assualt
-107,1.404969783641803e+18,0.22892139156747615,0.138803081906811,0.17906865324281016,0.18051033404955655,assualt
-106,1.4054610171174026e+18,0.22789727625353626,0.137290430378036,0.17906865324281016,0.1773988510008948,assualt
-105,1.4054610171174026e+18,0.22789727625353626,0.137290430378036,0.17906865324281016,0.1773988510008948,assualt
-104,1.4059248280390042e+18,0.22789727625353626,0.137290430378036,0.17906865324281016,0.1773988510008948,assualt
-103,1.4063292710872914e+18,0.22789727625353626,0.137290430378036,0.17906865324281016,0.1773988510008948,assualt
-102,1.406863156139436e+18,0.22895683016044144,0.137290430378036,0.1801562347765725,0.1768203878110173,assualt
-101,1.4075860982909225e+18,0.22789727625353626,0.137290430378036,0.17915127230696543,0.17319214042036984,assualt
-100,1.4075860982909225e+18,0.22530538027610642,0.1366844617016953,0.1780636907732031,0.17120187000779002,assualt
-99,1.4086791079205975e+18,0.2259166720058297,0.13648670300637392,0.17915127230696543,0.17087140092490583,assualt
-98,1.4096127685085266e+18,0.2221807287976265,0.13519766245244763,0.1780636907732031,0.16934951979344842,assualt
-97,1.4109525768555474e+18,0.2221807287976265,0.13519766245244763,0.1780636907732031,0.16934951979344842,assualt
-96,1.411195352979434e+18,0.2221807287976265,0.13519766245244763,0.1780636907732031,0.16934951979344842,assualt
-95,1.411903064053845e+18,0.21419785844816708,0.12693688386594265,0.1695844410534893,0.1602820621077192,assualt
-94,1.4120331413355162e+18,0.21419785844816708,0.12605156587737743,0.1695844410534893,0.1602820621077192,assualt
-93,1.4122327380602002e+18,0.21419785844816708,0.12605156587737743,0.17021548696231742,0.1602820621077192,assualt
-92,1.412669757563352e+18,0.20632827663981343,0.11855466293609865,0.1603795168229455,0.15216208312307178,assualt
-91,1.412669757563352e+18,0.20632827663981343,0.12036809186228242,0.1603795168229455,0.1540114031618248,assualt
-90,1.413124657560432e+18,0.20632827663981343,0.12036809186228242,0.1603795168229455,0.1540114031618248,assualt
-89,1.413245876078121e+18,0.21419785844816708,0.12684787953847634,0.17021548696231742,0.16268412868114876,assualt
-88,1.413574674334746e+18,0.21419785844816708,0.12684787953847634,0.17021548696231742,0.16268412868114876,assualt
-87,1.414136890098227e+18,0.21663772873407483,0.12684787953847634,0.17295755925363104,0.1596037046761506,assualt
-86,1.414569184983191e+18,0.21884803946387762,0.1291153721938711,0.1743262694941383,0.165515074166602,assualt
-85,1.4150001998728412e+18,0.22169321527925334,0.1291153721938711,0.17289464910598384,0.165515074166602,assualt
-84,1.415479846354215e+18,0.22179992003174598,0.12989570659689154,0.1744038601304182,0.165515074166602,assualt
-83,1.4157724950480888e+18,0.23107086175187957,0.13603591217269215,0.1832774412503653,0.1691500195343234,assualt
-82,1.4157724950480888e+18,0.23057871653979967,0.13322147968195175,0.18363608092902328,0.1691500195343234,assualt
-81,1.4160552534446484e+18,0.23133862757739354,0.13672603830107255,0.18363608092902328,0.17160963998066023,assualt
-80,1.4163197056345933e+18,0.23133862757739354,0.13672603830107255,0.17903622952481996,0.16974835046141218,assualt
-79,1.416492521875024e+18,0.2289199902897997,0.13537956963208914,0.1777759548097661,0.16680477134302155,assualt
-78,1.4166763972530842e+18,0.2289199902897997,0.13537956963208914,0.1777759548097661,0.16680477134302155,assualt
-77,1.4166763972530842e+18,0.2289199902897997,0.13537956963208914,0.17828283217168286,0.16680477134302155,assualt
-76,1.4168343031636936e+18,0.2289199902897997,0.13819400212282956,0.17828283217168286,0.16974835046141218,assualt
-75,1.4166763972530842e+18,0.2232007098960318,0.13537956963208914,0.17726369592320707,0.16680477134302155,assualt
-74,1.4167665985155512e+18,0.21838780211120293,0.13268134857871977,0.17587552767538198,0.16629521737669262,assualt
-73,1.4175673428878868e+18,0.2172262502707011,0.12971982534635831,0.174437838798583,0.16629521737669262,assualt
-72,1.418281186565435e+18,0.2172262502707011,0.12971982534635831,0.174437838798583,0.1639397485928617,assualt
-71,1.4184912479493545e+18,0.21601991450607938,0.12762430949291045,0.17369904088606836,0.16089733441567555,assualt
-70,1.4184912479493545e+18,0.21601991450607938,0.1275643733474329,0.17369904088606836,0.16089733441567555,assualt
-69,1.4187220005626982e+18,0.21453760662426452,0.12562268725242617,0.17298594949355356,0.158415528053583,assualt
-68,1.4193145023734236e+18,0.2130333010125181,0.12562268725242617,0.17039421230844326,0.158415528053583,assualt
-67,1.4193145023734236e+18,0.2130333010125181,0.12562268725242617,0.17039421230844326,0.158415528053583,assualt
-66,1.419500424205909e+18,0.2130333010125181,0.1275643733474329,0.17039421230844326,0.158415528053583,assualt
-65,1.420022539564051e+18,0.2130333010125181,0.1275643733474329,0.17039421230844326,0.158415528053583,assualt
-64,1.420022539564051e+18,0.2130333010125181,0.12936440237325506,0.17006357712488968,0.16089733441567555,assualt
-63,1.420022539564051e+18,0.20995436874738993,0.1275643733474329,0.16715331403088157,0.16222032633798433,assualt
-62,1.4210354888829156e+18,0.20465576707848687,0.1257137095458743,0.16451609066845435,0.15827907143171216,assualt
-61,1.421955490410186e+18,0.205512429036444,0.1257137095458743,0.16451609066845435,0.15827907143171216,assualt
-60,1.421955490410186e+18,0.205512429036444,0.1257137095458743,0.16451609066845435,0.15827907143171216,assualt
-59,1.421955490410186e+18,0.205512429036444,0.1257137095458743,0.16451609066845435,0.1603146040416512,assualt
-58,1.4220563084004058e+18,0.20750446018094593,0.12894021637507877,0.16451609066845435,0.16429190457981754,assualt
-57,1.421955490410186e+18,0.20750446018094593,0.12894021637507877,0.16451609066845435,0.16486005546141141,assualt
-56,1.422110403984659e+18,0.2139157300800039,0.132280479756006,0.16742635376246245,0.1661747925294686,assualt
-55,1.4229080018873774e+18,0.21590147530628015,0.13604488741910695,0.17270046009951692,0.1724365828715178,assualt
-54,1.4237005641150464e+18,0.21590147530628015,0.13604488741910695,0.17270046009951692,0.1724365828715178,assualt
-53,1.4240950812174515e+18,0.21590147530628015,0.13604488741910695,0.17270046009951692,0.1724365828715178,assualt
-52,1.424545607604335e+18,0.2152989600596532,0.13265023606150791,0.17270046009951692,0.1661747925294686,assualt
-51,1.4247665473457126e+18,0.21294026257789406,0.1285759876283662,0.16867069904501916,0.16482400982951725,assualt
-50,1.425762804830908e+18,0.20786914724241506,0.1249797244936598,0.16408269705925416,0.16145563361979504,assualt
-49,1.4268523747679608e+18,0.21294026257789406,0.1285759876283662,0.16957717148898052,0.16280641631974635,assualt
-48,1.4282241911198198e+18,0.21294026257789406,0.1285759876283662,0.16957717148898052,0.16280641631974635,assualt
-47,1.4294874159614996e+18,0.2152989600596532,0.13246258307020362,0.17384199673304868,0.16697584259420284,assualt
-46,1.4303120357111864e+18,0.2203802134780831,0.13445037325324494,0.17734522774432843,0.16878781304261684,assualt
-45,1.4311391899389338e+18,0.22583653376914586,0.13445037325324494,0.181761242034516,0.1742485533199318,assualt
-44,1.4312949380636892e+18,0.21979411326962034,0.13246258307020362,0.17734522774432843,0.16878781304261684,assualt
-43,1.4316225469952184e+18,0.22583653376914586,0.13445037325324494,0.181761242034516,0.16878781304261684,assualt
-42,1.4316225469952184e+18,0.22583653376914586,0.13445037325324494,0.181761242034516,0.16878781304261684,assualt
-41,1.431854268093399e+18,0.21979411326962034,0.13246258307020362,0.17734522774432843,0.16457426801171834,assualt
-40,1.4320975795563126e+18,0.2206008437317803,0.1328173161581288,0.17911190599254267,0.16457426801171834,assualt
-39,1.4320975795563126e+18,0.21551959031335038,0.13183449109982998,0.1758437391708333,0.16040484173726188,assualt
-38,1.4320975795563126e+18,0.21778964947915297,0.1328173161581288,0.17594259777027643,0.16290586868282642,assualt
-37,1.4323399522581386e+18,0.21778964947915297,0.1328173161581288,0.17594259777027643,0.16290586868282642,assualt
-36,1.4326241054654464e+18,0.21891790203451159,0.13410319317339098,0.17594259777027643,0.1653258615116877,assualt
-35,1.4331680265150715e+18,0.21745457333086893,0.13347510120301737,0.17338133409248924,0.16290586868282642,assualt
-34,1.4335438546494024e+18,0.21891790203451159,0.13480329895225357,0.17594259777027643,0.1668114925734338,assualt
-33,1.4335438546494024e+18,0.21745457333086893,0.13347510120301737,0.17338133409248924,0.16290586868282642,assualt
-32,1.4336638418481756e+18,0.21745457333086893,0.13347510120301737,0.17338133409248924,0.16290586868282642,assualt
-31,1.4336638418481756e+18,0.21414888883918376,0.1277003463738776,0.17140805154887945,0.15868662891455776,assualt
-30,1.4337114399715512e+18,0.20944059446539487,0.12572759212369125,0.16997773484840323,0.15396159119692437,assualt
-29,1.434018818952459e+18,0.20221820974430638,0.11893768839848834,0.1669006430666667,0.15153556304620897,assualt
-28,1.4343372490839713e+18,0.20187131008232934,0.11849768617557122,0.1646607577554946,0.14995389079130267,assualt
-27,1.4347796158348695e+18,0.20221820974430638,0.11882595783671021,0.1646607577554946,0.14995389079130267,assualt
-26,1.4353511422345846e+18,0.2011012477114942,0.11798806991800764,0.16282731305802622,0.1484617625474603,assualt
-25,1.4353511422345846e+18,0.2011012477114942,0.11798806991800764,0.16282731305802622,0.1484617625474603,assualt
-24,1.4353511422345846e+18,0.1989655402281609,0.11530683772374845,0.16210416657613413,0.14656039843131863,assualt
-23,1.4355824591928056e+18,0.19974584385000002,0.11530683772374845,0.16282731305802622,0.14656039843131863,assualt
-22,1.435615589290391e+18,0.19543744217783887,0.11232811408471857,0.16210416657613413,0.1461919867260974,assualt
-21,1.4355824591928056e+18,0.19543744217783887,0.11530683772374845,0.16210416657613413,0.1470142581519216,assualt
-20,1.4355824591928056e+18,0.19436926770740875,0.11458831516941156,0.15771814758360247,0.1470142581519216,assualt
-19,1.4357958093905196e+18,0.19436926770740875,0.11458831516941156,0.15771814758360247,0.1470142581519216,assualt
-18,1.4361564902336476e+18,0.19268668193492006,0.11232811408471857,0.1559912301962694,0.1461919867260974,assualt
-17,1.436368937450288e+18,0.1917189577576734,0.1115590617233766,0.1537053031082234,0.14288642938746227,assualt
-16,1.4366633978729492e+18,0.1917189577576734,0.1115590617233766,0.1537053031082234,0.14288642938746227,assualt
-15,1.4369373891922056e+18,0.1917189577576734,0.1115590617233766,0.15410384823338702,0.14424086623460208,assualt
-14,1.4370376348898678e+18,0.1917189577576734,0.1115590617233766,0.15410384823338702,0.14469472595520505,assualt
-13,1.4374166567647706e+18,0.19058878132532348,0.11066864985815017,0.15410384823338702,0.14153417086756911,assualt
-12,1.4375551723577436e+18,0.1917189577576734,0.1115590617233766,0.15620029930965645,0.14469472595520505,assualt
-11,1.4381995550339446e+18,0.1937912016533178,0.11389293802885544,0.1586275088434123,0.14794673411496306,assualt
-10,1.4381995550339446e+18,0.1937912016533178,0.11389293802885544,0.1586275088434123,0.14794673411496306,assualt
-9,1.4381995550339446e+18,0.1937912016533178,0.11389293802885544,0.1586275088434123,0.14794673411496306,assualt
-8,1.4390824663255473e+18,0.1937912016533178,0.11414982133631967,0.1586275088434123,0.14599561362346772,assualt
-7,1.4400851844284424e+18,0.1937912016533178,0.11414982133631967,0.1586275088434123,0.14599561362346772,assualt
-6,1.4406496350581135e+18,0.19097843944847914,0.1118159450308408,0.1586275088434123,0.14153417086756911,assualt
-5,1.4409161292309248e+18,0.19486897972192715,0.11548343347198244,0.16094988671762978,0.14986164391622986,assualt
-4,1.4409161292309248e+18,0.1937388032895772,0.11548343347198244,0.16094988671762978,0.14986164391622986,assualt
-3,1.4409161292309248e+18,0.1937388032895772,0.11961901153618701,0.16094988671762978,0.15820317016354163,assualt
-2,1.440343864528318e+18,0.1890957035080646,0.11961901153618701,0.15674012688052996,0.1599326426454879,assualt
-1,1.440343864528318e+18,0.19298624378151258,0.12268695384294621,0.16094988671762978,0.16054333096884227,assualt
0,1.4388792455074906e+18,0.19298624378151258,0.12268695384294621,0.16094988671762978,0.16054333096884227,assualt
1,1.4375233641221586e+18,0.20426615593694325,0.12580878083290406,0.16388240990460445,0.1622550106519592,assualt
2,1.4375233641221586e+18,0.20460083683567926,0.1268445268104952,0.1663806706780554,0.1623371574600772,assualt
3,1.4369349353936205e+18,0.20484381700171989,0.12956574174342336,0.1663806706780554,0.1674685522211556,assualt
4,1.4357325945757957e+18,0.21250480563744442,0.13534976491363118,0.16938862459078716,0.1736333144403117,assualt
5,1.435684753839829e+18,0.21724453022203166,0.14308898734410036,0.17628828772432278,0.1824245688106645,assualt
6,1.435684753839829e+18,0.22000968279541327,0.14308898734410036,0.18321471983004825,0.1824245688106645,assualt
7,1.435684753839829e+18,0.2260459145525528,0.14582573463794563,0.19003461866085747,0.19056084764944514,assualt
8,1.435684753839829e+18,0.23240086997022041,0.1484492439069855,0.1926561818477427,0.19142961665393796,assualt
9,1.435684753839829e+18,0.23489209015595047,0.15115000631285844,0.1973505183128612,0.19297983738932806,assualt
10,1.4367543789232916e+18,0.23704862092644602,0.15266335883656687,0.1973505183128612,0.19412608399898254,assualt
11,1.437917215509721e+18,0.23704862092644602,0.15266335883656687,0.1973505183128612,0.19412608399898254,assualt
12,1.4394926755875128e+18,0.23704862092644602,0.15266335883656687,0.1973505183128612,0.19412608399898254,assualt
13,1.4404432607668152e+18,0.23704862092644602,0.15266335883656687,0.1973505183128612,0.19297983738932806,assualt
14,1.4417177928526188e+18,0.23489209015595047,0.14857788513106,0.1936408326668777,0.19142961665393796,assualt
15,1.4425207974312993e+18,0.23489209015595047,0.14582573463794563,0.19178154369075617,0.18936210187239721,assualt
16,1.444798782283676e+18,0.23226155586771352,0.14564113222786607,0.19079689287162116,0.186831165839283,assualt
17,1.447596921724276e+18,0.23226155586771352,0.14564113222786607,0.19079689287162116,0.186831165839283,assualt
18,1.447596921724276e+18,0.2289692685378133,0.14262032685871232,0.1894453594325769,0.1815427034400942,assualt
19,1.4479578945361674e+18,0.2289692685378133,0.14262032685871232,0.1894453594325769,0.1815427034400942,assualt
20,1.4483087394154819e+18,0.2289692685378133,0.14262032685871232,0.1894453594325769,0.1815427034400942,assualt
21,1.4485395999124088e+18,0.22760541459061395,0.1394155994605131,0.18768420540127614,0.17528747363016528,assualt
22,1.4486746261380424e+18,0.22665108002038697,0.13836505379652253,0.1863191547944163,0.1700285466670512,assualt
23,1.4489321703736863e+18,0.22665108002038697,0.13836505379652253,0.1863191547944163,0.1700285466670512,assualt
24,1.4492345606520556e+18,0.22665108002038697,0.13836505379652253,0.1863191547944163,0.1700285466670512,assualt
25,1.4495596116736522e+18,0.2249647815745952,0.13709384347862752,0.1863191547944163,0.1690461142589998,assualt
26,1.4498014274613048e+18,0.2249647815745952,0.13709384347862752,0.18768420540127614,0.1690461142589998,assualt
27,1.4510268517264369e+18,0.21994613285415515,0.13548478579525036,0.18532824192157443,0.16706325254918525,assualt
28,1.449679346031742e+18,0.21994613285415515,0.13548478579525036,0.18532824192157443,0.16706325254918525,assualt
29,1.451111388074951e+18,0.21344233435070833,0.13325882673674477,0.1823142069848967,0.16489335545208217,assualt
30,1.453113427704892e+18,0.21344233435070833,0.13325882673674477,0.1823142069848967,0.16489335545208217,assualt
31,1.4538964556697024e+18,0.21344233435070833,0.13271012641215943,0.1768777691822429,0.16448377238372347,assualt
32,1.4548193710885537e+18,0.21754288835836666,0.13271012641215943,0.1738268347048355,0.16448377238372347,assualt
33,1.4551619533457702e+18,0.21754288835836666,0.13271012641215943,0.1738268347048355,0.16448377238372347,assualt
34,1.4560885060555976e+18,0.21347476675385113,0.13271012641215943,0.17167565501032023,0.16277060728418558,assualt
35,1.4575726857185723e+18,0.21347476675385113,0.13271012641215943,0.17167565501032023,0.1644229465259337,assualt
36,1.4586750665728143e+18,0.21329551706173633,0.13271012641215943,0.1699303252068116,0.16292026052132474,assualt
37,1.459038035493992e+18,0.21329551706173633,0.13271012641215943,0.1699303252068116,0.16292026052132474,assualt
38,1.4591239097861315e+18,0.20737568734856404,0.1301300313372548,0.16919505050115902,0.15518421724043605,assualt
39,1.459168848382615e+18,0.21165549104833714,0.13073603339358597,0.1699303252068116,0.15554394652599912,assualt
40,1.4595646150560786e+18,0.20449429337704184,0.12462033116571322,0.16919505050115902,0.15046827474888005,assualt
41,1.4595646150560786e+18,0.21041412309021412,0.12720042624061786,0.16945440021346508,0.15554394652599912,assualt
42,1.4603590920988608e+18,0.21041412309021412,0.12720042624061786,0.16945440021346508,0.15554394652599912,assualt
43,1.46098155066319e+18,0.21229545246677622,0.12720042624061786,0.1689444041372396,0.15554394652599912,assualt
44,1.4603590920988608e+18,0.21229545246677622,0.13033941665801216,0.1689444041372396,0.15895004905469012,assualt
45,1.4603590920988608e+18,0.21347233376750296,0.1304820587530066,0.17183085853740745,0.15895004905469012,assualt
46,1.46098155066319e+18,0.21391968984917942,0.1304820587530066,0.1725983789611112,0.15895004905469012,assualt
47,1.461211673725921e+18,0.21391968984917942,0.1304820587530066,0.1725983789611112,0.15895004905469012,assualt
48,1.4613887577667323e+18,0.22268107015303878,0.13665230225662073,0.1784455663414683,0.16377227311672704,assualt
49,1.4613703370450358e+18,0.21391968984917942,0.1304820587530066,0.17663773561253715,0.15895004905469012,assualt
50,1.4615178895682468e+18,0.22070876165327769,0.13201477482714397,0.17747207540931031,0.16377227311672704,assualt
51,1.4615178895682468e+18,0.2138046559761413,0.12889542092167106,0.17663773561253715,0.15895004905469012,assualt
52,1.4613703370450358e+18,0.21739468040391297,0.131470873365318,0.17663773561253715,0.16377227311672704,assualt
53,1.4613703370450358e+18,0.2106056085998147,0.12889542092167106,0.17557106218234553,0.1622984541831131,assualt
54,1.4613703370450358e+18,0.2106056085998147,0.12889542092167106,0.17557106218234553,0.1622984541831131,assualt
55,1.4619404840193065e+18,0.2106056085998147,0.12889542092167106,0.17557106218234553,0.1622984541831131,assualt
56,1.4629272358946532e+18,0.2106056085998147,0.12889542092167106,0.17557106218234553,0.1622984541831131,assualt
57,1.4629272358946532e+18,0.2103748983961461,0.12889542092167106,0.17557106218234553,0.16355081794964266,assualt
58,1.4635991197242465e+18,0.2103748983961461,0.1286328488107384,0.17557106218234553,0.16355081794964266,assualt
59,1.463762116743661e+18,0.20443702053272886,0.12213575363673357,0.16666982086036808,0.15757440729765587,assualt
60,1.463762116743661e+18,0.20044983524471555,0.12078269960748145,0.1602035503048217,0.15757440729765587,assualt
61,1.464027623564692e+18,0.20044983524471555,0.12078269960748145,0.1602035503048217,0.15757440729765587,assualt
62,1.4644463129250012e+18,0.19820746107692666,0.11729789152540315,0.15855666010586367,0.15358014839949813,assualt
63,1.4647463020772372e+18,0.19820746107692666,0.11729789152540315,0.15855666010586367,0.1559866987559776,assualt
64,1.4647463020772372e+18,0.19502681027527002,0.11578147454304409,0.1562970669162525,0.15046716959243192,assualt
65,1.4647463020772372e+18,0.19540568597261207,0.11729789152540315,0.15855666010586367,0.1559866987559776,assualt
66,1.4647463020772372e+18,0.19259736728270793,0.11729789152540315,0.15855666010586367,0.1559866987559776,assualt
67,1.4647463020772372e+18,0.19259736728270793,0.11729789152540315,0.15874267784173562,0.1559866987559776,assualt
68,1.465026936461129e+18,0.19259736728270793,0.11729789152540315,0.15874267784173562,0.1559866987559776,assualt
69,1.465026936461129e+18,0.19156098427605592,0.11646203182964857,0.15793251356219074,0.15064454368922037,assualt
70,1.465026936461129e+18,0.19156098427605592,0.11646203182964857,0.15793251356219074,0.15064454368922037,assualt
71,1.4652960625447854e+18,0.19156098427605592,0.11659808695204416,0.15793251356219074,0.15064454368922037,assualt
72,1.4652960625447854e+18,0.19156098427605592,0.11994683991172686,0.1594602899968872,0.15645688324607407,assualt
73,1.4652960625447854e+18,0.1901448553851071,0.11994683991172686,0.1594602899968872,0.15645688324607407,assualt
74,1.4652960625447854e+18,0.1901448553851071,0.12024846877363171,0.15793251356219074,0.15645228276740203,assualt
75,1.4652960625447854e+18,0.18840155797045452,0.11522637875083264,0.15638640102569734,0.15064454368922037,assualt
76,1.4655378740737603e+18,0.18912958178755285,0.11629308197467497,0.15638640102569734,0.15055051674179187,assualt
77,1.4672371610362903e+18,0.18912958178755285,0.11629308197467497,0.15638640102569734,0.15055051674179187,assualt
78,1.4683515036313434e+18,0.1901448553851071,0.11964884238274193,0.15793251356219074,0.15447706496616115,assualt
79,1.4688031948598953e+18,0.18912958178755285,0.11629308197467497,0.15638640102569734,0.15086909636917376,assualt
80,1.4688031948598953e+18,0.18704738879658794,0.11522637875083264,0.15332890770295377,0.14961522714800274,assualt
81,1.4688031948598953e+18,0.18912958178755285,0.11629308197467497,0.15315022055411226,0.15086909636917376,assualt
82,1.4688031948598953e+18,0.18704738879658794,0.11629308197467497,0.14982865584970906,0.15086909636917376,assualt
83,1.4688031948598953e+18,0.18704738879658794,0.11458182594339175,0.14768828769443537,0.15401642110985525,assualt
84,1.4688031948598953e+18,0.18704738879658794,0.11458182594339175,0.14768828769443537,0.1560133891986084,assualt
85,1.4687802237362191e+18,0.18315181783730433,0.11382327883600625,0.14768828769443537,0.15594708397308543,assualt
86,1.4682361980015027e+18,0.18104657426056864,0.11160944737469766,0.1469619822098352,0.15380135405171602,assualt
87,1.468687889230055e+18,0.18315181783730433,0.11382327883600625,0.1469619822098352,0.15524067301941485,assualt
88,1.468687889230055e+18,0.18104657426056864,0.11160944737469766,0.14636080013151603,0.15324370493066172,assualt
89,1.4693474916013476e+18,0.17968333116279883,0.109813767636422,0.14636080013151603,0.15324370493066172,assualt
90,1.4678412428553487e+18,0.17632647396840662,0.109813767636422,0.14560182992390114,0.15460266402866973,assualt
91,1.4678412428553487e+18,0.17632647396840662,0.109813767636422,0.14560182992390114,0.15460266402866973,assualt
92,1.4678412428553487e+18,0.17632647396840662,0.109813767636422,0.14560182992390114,0.15222805546718177,assualt
93,1.4678412428553487e+18,0.17632647396840662,0.11119950437204992,0.14606970962450547,0.15460266402866973,assualt
94,1.4687256475705636e+18,0.17968333116279883,0.11520901557163415,0.14945972549644787,0.1546982383256863,assualt
95,1.4699292756765724e+18,0.17632647396840662,0.11119950437204992,0.14606970962450547,0.15460266402866973,assualt
96,1.4708475183528545e+18,0.17772493065867798,0.11520901557163415,0.1480995732105138,0.1546982383256863,assualt
97,1.4714657128558444e+18,0.18476028745818063,0.11520901557163415,0.15108681824385967,0.15460266402866973,assualt
98,1.4721278706703718e+18,0.18994624161247264,0.11542642029730085,0.15350112990747286,0.15460266402866973,assualt
99,1.473871663647806e+18,0.18994624161247264,0.11751405344671038,0.15805859009263878,0.15338074209175717,assualt
100,1.473871663647806e+18,0.18994624161247264,0.12001902083502261,0.15805859009263878,0.15460266402866973,assualt
101,1.473871663647806e+18,0.18994624161247264,0.12001902083502261,0.15805859009263878,0.15461787845599548,assualt
102,1.473871663647806e+18,0.18994624161247264,0.12112139912663265,0.1609275438047073,0.15743257340408823,assualt
103,1.4732095058332785e+18,0.19181578184725906,0.12407342117288814,0.1637323446868238,0.16066477781056093,assualt
104,1.4732095058332785e+18,0.19181578184725906,0.12407342117288814,0.16622481029728606,0.16066477781056093,assualt
105,1.4732095058332785e+18,0.18994624161247264,0.12350795493919224,0.1637323446868238,0.15794565715948478,assualt
106,1.469842555028906e+18,0.1947096003214988,0.12740278484972392,0.16622481029728606,0.1622008255161877,assualt
107,1.468722299776188e+18,0.1947096003214988,0.12906340338926606,0.16701594940774095,0.16364471808584055,assualt
108,1.468722299776188e+18,0.18700806981061444,0.12740278484972392,0.16622481029728606,0.1622008255161877,assualt
109,1.468722299776188e+18,0.18700806981061444,0.12740278484972392,0.16622481029728606,0.1622008255161877,assualt
110,1.468722299776188e+18,0.18700806981061444,0.1251405561871839,0.16485607681525058,0.1622008255161877,assualt
111,1.468722299776188e+18,0.19026397397045897,0.12740278484972392,0.16622481029728606,0.1622008255161877,assualt
112,1.468722299776188e+18,0.18205349443610705,0.1260833640514601,0.16485607681525058,0.16000654085394647,assualt
113,1.468722299776188e+18,0.19060850494378734,0.12909506015987504,0.16622481029728606,0.1626217541356103,assualt
114,1.4690965395203108e+18,0.19060850494378734,0.12683283149733504,0.16622481029728606,0.16000654085394647,assualt
115,1.4694669384141563e+18,0.18169764742876693,0.12222333897148707,0.16485607681525058,0.15058916102367043,assualt
116,1.4698475375980595e+18,0.17993264236114176,0.11441749245559846,0.16121313386011837,0.1406773088277027,assualt
117,1.470208477956624e+18,0.1740994951270059,0.10669115701703294,0.1517725164610706,0.13864028300576925,assualt
118,1.4705473708835261e+18,0.16881482197278025,0.1041246361939303,0.14738088481562875,0.13941425606547622,assualt
119,1.4709073651195336e+18,0.16888236835673565,0.10723025065602909,0.15095060260928783,0.13941425606547622,assualt
120,1.4712637632578504e+18,0.1685306333998284,0.1041246361939303,0.14738088481562875,0.13864028300576925,assualt
121,1.4716188004530373e+18,0.16830407735409036,0.1041246361939303,0.14353745493659853,0.1372209917974359,assualt
122,1.4720055814261688e+18,0.16515326453716506,0.10301750811737354,0.14231147573564784,0.13611673707207214,assualt
123,1.4723604217972516e+18,0.16515326453716506,0.10301750811737354,0.14231147573564784,0.13611673707207214,assualt
124,1.4727005673765059e+18,0.16443368121803828,0.10301750811737354,0.14019730896611654,0.1354523963152415,assualt
125,1.4730760332281452e+18,0.16443368121803828,0.10281626792055865,0.14019730896611654,0.1354523963152415,assualt
126,1.4734388744948657e+18,0.1619804486910112,0.10281626792055865,0.14019730896611654,0.1354523963152415,assualt
127,1.4738181339664143e+18,0.1619804486910112,0.10281626792055865,0.14019730896611654,0.1354523963152415,assualt
128,1.474197475882684e+18,0.16443368121803828,0.1040657436003663,0.14232981664547395,0.13611673707207214,assualt
129,1.4745251731135232e+18,0.16317677028121746,0.10354928221809029,0.14223058048431889,0.1354523963152415,assualt
130,1.4748868974479447e+18,0.16544899011723324,0.10497710098427543,0.1423955479163097,0.1354523963152415,assualt
131,1.4752628561711939e+18,0.16676922380005338,0.10605004053484665,0.1439866540435401,0.13793876859588164,assualt
132,1.475583013666752e+18,0.16544899011723324,0.10605004053484665,0.1423955479163097,0.1354523963152415,assualt
133,1.4759345717078461e+18,0.16317677028121746,0.10497710098427543,0.14223058048431889,0.13368046830848473,assualt
134,1.4763410149903222e+18,0.16544899011723324,0.10605004053484665,0.1423955479163097,0.136755680081341,assualt
135,1.4767136006242458e+18,0.16544899011723324,0.10521288846294227,0.1423955479163097,0.136755680081341,assualt
136,1.477052630925118e+18,0.16676922380005338,0.10703803921728305,0.1439866540435401,0.1416972951228332,assualt
137,1.4774188914104643e+18,0.16676922380005338,0.10703803921728305,0.1439866540435401,0.1416972951228332,assualt
138,1.4777892527041034e+18,0.16551231286323254,0.10596509966671183,0.1439866540435401,0.1416972951228332,assualt
139,1.4781581009932526e+18,0.16299575759020618,0.10596509966671183,0.1423955479163097,0.13545302792725425,assualt
140,1.4785137181963139e+18,0.1571265444335161,0.09943017514843905,0.13843674151282326,0.12734478341915567,assualt
141,1.4788547716708498e+18,0.1571265444335161,0.09943017514843905,0.13843674151282326,0.12734478341915567,assualt
142,1.4792192129802916e+18,0.1571265444335161,0.09226259645864696,0.13843674151282326,0.12375171089760831,assualt
